Phylotype,Region,IS_family,Round,Number_isolates_with_IS_in_pos,percent
I,Chr,IS5,232800,12,0.203389831
I,Chr,IS256,284100,17,0.288135593
I,Chr,IS3,451900,49,0.830508475
I,Chr,ISL3,605100,4,0.06779661
I,Chr,IS256,605100,6,0.101694915
I,Chr,IS5,663100,54,0.915254237
I,Chr,IS3,671200,39,0.661016949
I,Chr,IS3,1540200,10,0.169491525
I,Chr,IS3,1541600,10,0.169491525
I,Chr,IS3,1543000,12,0.203389831
I,Chr,IS5,1599000,54,0.915254237
I,Chr,IS3,2002900,12,0.203389831
I,Chr,IS3,2039000,40,0.677966102
I,Chr,IS3,2531600,12,0.203389831
I,Chr,IS3,2533800,12,0.203389831
I,Chr,IS3,2614700,27,0.457627119
I,Chr,IS5,2638300,2,0.033898305
I,Chr,IS3,2912200,17,0.288135593
I,Chr,IS4,3428900,12,0.203389831
I,Chr,IS1595,3434800,17,0.288135593
I,Chr,IS256,3444800,2,0.033898305
I,Chr,IS5,3461500,31,0.525423729
I,Chr,IS5,3472400,21,0.355932203
I,Chr,IS5,3484200,17,0.288135593
I,MP,IS4,45200,5,0.084745763
I,MP,IS701,147400,11,0.186440678
I,MP,IS5,148200,6,0.101694915
I,MP,IS3,272500,32,0.542372881
I,MP,IS3,578900,12,0.203389831
I,MP,IS256,600100,17,0.288135593
I,MP,IS3,700600,17,0.288135593
I,MP,IS1595,703600,16,0.271186441
I,MP,IS3,709200,29,0.491525424
I,MP,IS4,726900,5,0.084745763
I,MP,IS3,839800,33,0.559322034
I,MP,IS3,1201300,2,0.033898305
I,MP,IS5,1430500,6,0.101694915
I,MP,IS5,1431600,14,0.237288136
I,MP,IS4,1450200,11,0.186440678
I,MP,IS3,1548700,11,0.186440678
I,MP,IS3,1649100,10,0.169491525
I,MP,IS3,1653800,11,0.186440678
I,MP,IS3,1684000,11,0.186440678
I,MP,IS701,1712300,16,0.271186441
I,MP,ISL3,1949200,12,0.203389831
I,MP,IS3,2047500,53,0.898305085
I,MP,IS3,2049500,53,0.898305085
I,Chr,IS3,882900,3,0.050847458
I,MP,IS5,274400,21,0.355932203
I,MP,IS5,1650400,1,0.016949153
I,Chr,IS110,1647400,2,0.033898305
I,Chr,ISL3,3259100,3,0.050847458
I,Chr,IS5,3462300,14,0.237288136
I,MP,ISL3,35800,2,0.033898305
I,MP,IS5,84100,44,0.745762712
I,MP,ISL3,212400,1,0.016949153
I,MP,IS110,253000,6,0.101694915
I,MP,ISL3,715200,3,0.050847458
I,MP,IS5,1652800,1,0.016949153
I,MP,IS5,1683000,2,0.033898305
I,MP,IS110,1988700,1,0.016949153
I,Chr,IS5,884700,7,0.118644068
I,Chr,IS5,1060400,7,0.118644068
I,Chr,IS4,1590900,7,0.118644068
I,Chr,IS3,1598200,9,0.152542373
I,Chr,IS5,1793100,7,0.118644068
I,Chr,IS5,1821000,16,0.271186441
I,Chr,IS4,2049300,6,0.101694915
I,Chr,IS3,2612900,7,0.118644068
I,Chr,IS3,3327900,8,0.13559322
I,Chr,IS5,3396800,7,0.118644068
I,Chr,ISL3,3612000,4,0.06779661
I,Chr,IS5,3697200,7,0.118644068
I,MP,IS5,46700,6,0.101694915
I,MP,IS5,102300,6,0.101694915
I,MP,IS701,179100,6,0.101694915
I,MP,IS5,180500,5,0.084745763
I,MP,IS5,255500,22,0.372881356
I,MP,IS5,272500,8,0.13559322
I,MP,IS5,396400,5,0.084745763
I,MP,IS4,491000,2,0.033898305
I,MP,IS4,583300,7,0.118644068
I,MP,IS701,591400,7,0.118644068
I,MP,IS3,626300,7,0.118644068
I,MP,IS5,711000,7,0.118644068
I,MP,IS5,717800,7,0.118644068
I,MP,IS5,721600,7,0.118644068
I,MP,IS3,913800,2,0.033898305
I,MP,IS5,1246000,7,0.118644068
I,MP,IS701,1430500,7,0.118644068
I,MP,IS5,1487500,25,0.423728814
I,Chr,IS5,376300,1,0.016949153
I,Chr,IS3,2458100,3,0.050847458
I,Chr,IS3,2459400,8,0.13559322
I,Chr,IS5,3444400,1,0.016949153
I,MP,IS5,561000,1,0.016949153
I,MP,IS5,600400,1,0.016949153
I,MP,IS3,1654500,1,0.016949153
I,MP,IS3,1684600,1,0.016949153
I,MP,IS5,1926100,1,0.016949153
I,MP,IS4,1650400,5,0.084745763
I,Chr,IS3,227900,23,0.389830508
I,Chr,IS5,236400,5,0.084745763
I,Chr,IS3,758300,13,0.220338983
I,Chr,IS110,902000,9,0.152542373
I,Chr,IS5,1010200,1,0.016949153
I,Chr,IS5,1054600,1,0.016949153
I,Chr,IS110,1164900,2,0.033898305
I,Chr,IS5,1599600,7,0.118644068
I,Chr,IS630,1823800,1,0.016949153
I,Chr,IS5,2116100,1,0.016949153
I,Chr,IS5,2289900,8,0.13559322
I,Chr,IS5,3155500,2,0.033898305
I,Chr,IS5,3459100,9,0.152542373
I,MP,IS5,120100,1,0.016949153
I,MP,IS630,263100,1,0.016949153
I,MP,IS5,272800,1,0.016949153
I,MP,IS5,414000,1,0.016949153
I,MP,IS5,423700,1,0.016949153
I,MP,IS110,445900,12,0.203389831
I,MP,IS5,671600,6,0.101694915
I,MP,IS5,708200,6,0.101694915
I,MP,IS630,710000,5,0.084745763
I,MP,IS5,868800,1,0.016949153
I,MP,IS110,977500,7,0.118644068
I,MP,IS5,1882600,8,0.13559322
I,MP,IS5,2040900,6,0.101694915
I,MP,IS110,2068400,6,0.101694915
I,Chr,IS110,161400,3,0.050847458
I,Chr,IS110,263000,1,0.016949153
I,Chr,IS3,451200,3,0.050847458
I,Chr,IS5,537900,3,0.050847458
I,Chr,IS5,920000,6,0.101694915
I,Chr,IS110,1598200,2,0.033898305
I,Chr,IS5,1599400,2,0.033898305
I,Chr,IS5,2319300,6,0.101694915
I,Chr,IS3,2415100,3,0.050847458
I,Chr,IS3,2763000,9,0.152542373
I,Chr,IS5,3319000,4,0.06779661
I,Chr,IS5,3473200,2,0.033898305
I,MP,IS5,36700,7,0.118644068
I,MP,IS5,351600,5,0.084745763
I,MP,IS5,687600,3,0.050847458
I,MP,IS3,1268000,14,0.237288136
I,MP,IS5,1571500,3,0.050847458
I,MP,IS5,1985600,9,0.152542373
I,MP,IS5,1985900,3,0.050847458
I,Chr,ISL3,29700,1,0.016949153
I,Chr,ISL3,101600,2,0.033898305
I,Chr,ISL3,258600,1,0.016949153
I,Chr,ISL3,371800,1,0.016949153
I,Chr,ISL3,476000,1,0.016949153
I,Chr,ISL3,899700,1,0.016949153
I,Chr,ISL3,949300,1,0.016949153
I,Chr,IS5,1019600,1,0.016949153
I,Chr,ISL3,1245800,1,0.016949153
I,Chr,ISL3,1309700,1,0.016949153
I,Chr,ISL3,1833000,1,0.016949153
I,Chr,ISL3,2078800,1,0.016949153
I,Chr,ISL3,2097500,1,0.016949153
I,Chr,ISL3,2144600,1,0.016949153
I,Chr,ISL3,2199400,1,0.016949153
I,Chr,ISL3,2204000,1,0.016949153
I,Chr,ISL3,2248200,1,0.016949153
I,Chr,ISL3,2407400,1,0.016949153
I,Chr,IS3,2680800,1,0.016949153
I,Chr,ISL3,2721200,1,0.016949153
I,Chr,IS3,2909000,2,0.033898305
I,Chr,ISL3,3026700,1,0.016949153
I,Chr,ISL3,3213100,4,0.06779661
I,Chr,ISL3,3291100,2,0.033898305
I,Chr,ISL3,3323600,1,0.016949153
I,Chr,ISL3,3357100,1,0.016949153
I,Chr,IS110,3361200,1,0.016949153
I,Chr,IS110,3545400,1,0.016949153
I,Chr,ISL3,3600200,1,0.016949153
I,MP,IS3,251700,1,0.016949153
I,MP,IS110,705000,1,0.016949153
I,MP,IS3,725300,1,0.016949153
I,MP,IS3,1200800,1,0.016949153
I,MP,IS5,1403300,1,0.016949153
I,MP,IS5,1427500,1,0.016949153
I,MP,IS110,1595800,2,0.033898305
I,Chr,IS256,558400,2,0.033898305
I,Chr,IS5,941800,3,0.050847458
I,Chr,IS5,1647200,1,0.016949153
I,Chr,IS5,1914500,2,0.033898305
I,Chr,IS5,2089100,2,0.033898305
I,Chr,IS5,2125800,5,0.084745763
I,Chr,IS5,2680800,2,0.033898305
I,Chr,IS110,2768500,2,0.033898305
I,Chr,IS5,2793800,2,0.033898305
I,Chr,IS5,3381000,2,0.033898305
I,MP,IS256,84100,2,0.033898305
I,MP,IS5,211800,4,0.06779661
I,MP,IS5,249500,5,0.084745763
I,MP,IS5,352400,5,0.084745763
I,MP,IS5,400000,2,0.033898305
I,MP,IS5,443200,2,0.033898305
I,MP,IS5,561900,1,0.016949153
I,MP,IS256,600600,2,0.033898305
I,MP,IS5,624900,3,0.050847458
I,MP,IS5,669000,1,0.016949153
I,MP,IS5,954400,2,0.033898305
I,MP,IS256,1426900,1,0.016949153
I,MP,IS256,1778100,1,0.016949153
I,MP,IS5,1808800,2,0.033898305
I,MP,IS5,1989200,2,0.033898305
I,Chr,IS5,93600,2,0.033898305
I,Chr,IS5,139500,1,0.016949153
I,Chr,IS701,202800,2,0.033898305
I,Chr,IS5,249900,1,0.016949153
I,Chr,IS5,941500,1,0.016949153
I,Chr,IS5,2204000,1,0.016949153
I,Chr,IS5,2517700,1,0.016949153
I,Chr,IS3,2634900,1,0.016949153
I,Chr,IS5,3339900,1,0.016949153
I,Chr,IS5,3445700,1,0.016949153
I,Chr,IS5,3455600,1,0.016949153
I,Chr,IS5,3456800,1,0.016949153
I,Chr,IS5,3461700,1,0.016949153
I,Chr,IS5,3464800,1,0.016949153
I,Chr,IS5,3506900,1,0.016949153
I,Chr,IS5,3508200,1,0.016949153
I,MP,IS5,234600,1,0.016949153
I,MP,IS5,262100,1,0.016949153
I,MP,IS5,269300,1,0.016949153
I,MP,IS5,464900,1,0.016949153
I,MP,IS5,722200,1,0.016949153
I,MP,IS5,736800,1,0.016949153
I,MP,IS5,737100,1,0.016949153
I,MP,IS5,1122800,2,0.033898305
I,MP,IS5,1388000,1,0.016949153
I,MP,IS3,1415700,1,0.016949153
I,MP,IS5,1574300,5,0.084745763
I,MP,IS5,1662700,1,0.016949153
I,MP,IS5,1693000,3,0.050847458
I,MP,IS3,1738900,2,0.033898305
I,MP,IS5,1786100,1,0.016949153
I,MP,IS5,1838200,1,0.016949153
I,Chr,IS3,230800,3,0.050847458
I,Chr,IS5,335600,2,0.033898305
I,Chr,IS5,573300,2,0.033898305
I,Chr,IS5,865500,2,0.033898305
I,Chr,IS5,1821400,1,0.016949153
I,Chr,IS5,3304700,2,0.033898305
I,Chr,IS5,3460100,2,0.033898305
I,Chr,IS3,3611200,2,0.033898305
I,MP,IS5,118200,2,0.033898305
I,MP,IS5,118300,2,0.033898305
I,MP,IS5,212700,2,0.033898305
I,MP,IS5,234200,2,0.033898305
I,MP,IS5,722100,3,0.050847458
I,MP,IS5,898000,4,0.06779661
I,MP,IS5,916900,1,0.016949153
I,MP,IS5,1540700,3,0.050847458
I,MP,IS5,1838700,1,0.016949153
I,Chr,IS110,3485600,2,0.033898305
I,MP,IS5,271900,3,0.050847458
I,MP,IS3,708200,4,0.06779661
I,Chr,IS256,227500,5,0.084745763
I,Chr,ISL3,451200,5,0.084745763
I,Chr,IS256,1538800,1,0.016949153
I,Chr,ISL3,2362500,5,0.084745763
I,Chr,IS110,2905100,5,0.084745763
I,Chr,ISL3,3330000,5,0.084745763
I,Chr,IS3,3439000,5,0.084745763
I,Chr,IS256,3552500,5,0.084745763
I,MP,IS3,102500,4,0.06779661
I,MP,IS256,757300,6,0.101694915
I,MP,IS630,922600,4,0.06779661
I,Chr,IS5,865100,4,0.06779661
I,Chr,IS3,887900,1,0.016949153
I,Chr,IS5,2314100,8,0.13559322
I,Chr,IS5,2857200,2,0.033898305
I,Chr,IS110,3085800,4,0.06779661
I,Chr,IS5,3338600,4,0.06779661
I,MP,IS5,212400,6,0.101694915
I,MP,IS3,221100,1,0.016949153
I,MP,IS110,609800,5,0.084745763
I,MP,IS5,712800,4,0.06779661
I,MP,IS3,713500,1,0.016949153
I,MP,IS5,718900,1,0.016949153
I,MP,IS5,735400,4,0.06779661
I,MP,IS5,1786300,1,0.016949153
I,Chr,IS256,203300,1,0.016949153
I,Chr,IS5,271500,1,0.016949153
I,Chr,IS256,1011000,1,0.016949153
I,Chr,IS256,3552300,1,0.016949153
I,Chr,ISL3,257600,1,0.016949153
I,Chr,IS4,657300,1,0.016949153
I,MP,IS5,181900,1,0.016949153
I,MP,IS3,708500,2,0.033898305
I,MP,IS5,852500,1,0.016949153
I,Chr,IS701,226300,8,0.13559322
I,Chr,IS5,227100,3,0.050847458
I,Chr,IS5,1660900,14,0.237288136
I,Chr,IS3,1901400,3,0.050847458
I,Chr,IS5,1910700,3,0.050847458
I,Chr,IS3,2399600,9,0.152542373
I,Chr,IS3,2904200,9,0.152542373
I,MP,IS5,83700,9,0.152542373
I,MP,IS5,85000,3,0.050847458
I,MP,IS110,167100,3,0.050847458
I,MP,IS110,393900,3,0.050847458
I,MP,IS3,574100,1,0.016949153
I,MP,IS3,576400,1,0.016949153
I,MP,IS4,624900,3,0.050847458
I,MP,IS5,728000,3,0.050847458
I,MP,IS5,865100,3,0.050847458
I,MP,IS5,974200,4,0.06779661
I,MP,IS110,1035800,3,0.050847458
I,MP,IS701,1937400,14,0.237288136
I,MP,IS5,1938000,3,0.050847458
I,MP,IS3,1938000,9,0.152542373
I,Chr,ISL3,3191700,1,0.016949153
I,Chr,IS5,3500300,1,0.016949153
I,MP,ISL3,550700,1,0.016949153
I,MP,IS5,600600,1,0.016949153
I,MP,IS5,646000,2,0.033898305
I,Chr,IS3,1020100,1,0.016949153
I,Chr,IS3,2665200,2,0.033898305
I,Chr,IS110,2796500,1,0.016949153
I,Chr,IS110,3235000,1,0.016949153
I,Chr,IS110,3289900,1,0.016949153
I,MP,IS5,1545000,1,0.016949153
I,Chr,IS701,121700,4,0.06779661
I,Chr,IS5,581900,5,0.084745763
I,Chr,IS5,786600,5,0.084745763
I,Chr,IS5,864400,5,0.084745763
I,Chr,IS5,941100,4,0.06779661
I,Chr,IS3,2319300,5,0.084745763
I,Chr,IS5,3077100,5,0.084745763
I,Chr,IS5,3407200,5,0.084745763
I,Chr,IS5,3611700,5,0.084745763
I,MP,IS5,478500,5,0.084745763
I,MP,IS110,1016900,5,0.084745763
I,MP,IS3,1428100,5,0.084745763
I,MP,IS3,1665100,5,0.084745763
I,MP,IS3,1695400,5,0.084745763
I,MP,IS5,2059800,5,0.084745763
I,Chr,IS3,1341800,1,0.016949153
I,Chr,IS5,2418400,1,0.016949153
I,MP,IS5,884000,1,0.016949153
I,MP,IS5,1073000,1,0.016949153
I,MP,IS701,1357900,1,0.016949153
I,MP,IS3,1942100,1,0.016949153
I,Chr,IS3,945800,1,0.016949153
I,Chr,IS3,3034900,1,0.016949153
I,MP,IS3,621600,1,0.016949153
I,MP,ISL3,1983200,1,0.016949153
I,Chr,IS5,271300,3,0.050847458
I,Chr,IS110,898600,1,0.016949153
I,Chr,IS110,2083900,2,0.033898305
I,MP,IS5,382200,2,0.033898305
I,MP,IS5,684300,1,0.016949153
I,Chr,IS5,865700,6,0.101694915
I,Chr,IS5,1646000,6,0.101694915
I,Chr,IS5,1846600,6,0.101694915
I,Chr,IS5,2078100,6,0.101694915
I,Chr,IS5,2203700,6,0.101694915
I,Chr,IS5,2715100,6,0.101694915
I,Chr,IS5,3464500,2,0.033898305
I,Chr,IS5,3507300,1,0.016949153
I,MP,IS5,161100,6,0.101694915
I,MP,IS5,642000,6,0.101694915
I,MP,IS5,871300,5,0.084745763
I,MP,IS5,1013600,5,0.084745763
I,MP,IS5,1082500,6,0.101694915
I,MP,IS5,1209100,6,0.101694915
I,MP,IS701,1340000,6,0.101694915
I,MP,IS5,1674600,6,0.101694915
I,MP,IS5,1704800,6,0.101694915
I,MP,IS4,1712000,6,0.101694915
I,MP,IS3,2049700,6,0.101694915
I,Chr,IS5,672300,5,0.084745763
I,Chr,IS5,682000,1,0.016949153
I,MP,IS5,642300,3,0.050847458
I,MP,IS5,1392500,2,0.033898305
I,Chr,IS5,625700,1,0.016949153
I,MP,IS5,1417700,1,0.016949153
I,MP,IS4,1681900,2,0.033898305
I,Chr,IS5,1820200,2,0.033898305
I,Chr,IS4,882200,1,0.016949153
I,MP,IS4,1674100,2,0.033898305
I,MP,IS4,1704400,2,0.033898305
I,MP,IS5,909800,1,0.016949153
I,MP,ISL3,2077100,1,0.016949153
I,Chr,IS5,380500,1,0.016949153
I,Chr,IS3,2348500,1,0.016949153
I,Chr,IS5,2908100,1,0.016949153
I,MP,IS5,267500,1,0.016949153
I,MP,IS3,466100,1,0.016949153
I,MP,IS256,466100,1,0.016949153
I,MP,IS5,1477400,1,0.016949153
I,MP,IS3,1862500,1,0.016949153
I,MP,IS256,1881200,1,0.016949153
I,Chr,IS5,212100,1,0.016949153
I,MP,IS5,268000,1,0.016949153
I,MP,IS5,1563100,1,0.016949153
I,Chr,IS701,664500,1,0.016949153
I,Chr,IS110,349700,1,0.016949153
I,Chr,IS5,996900,1,0.016949153
I,Chr,IS5,1309900,1,0.016949153
I,Chr,ISL3,1383500,1,0.016949153
I,Chr,IS3,1663900,1,0.016949153
I,Chr,IS3,2679100,1,0.016949153
I,Chr,IS110,2681200,1,0.016949153
I,Chr,IS3,2905500,1,0.016949153
I,Chr,IS5,3472200,2,0.033898305
I,MP,IS5,145700,1,0.016949153
I,MP,IS5,172100,1,0.016949153
I,MP,IS5,182100,1,0.016949153
I,MP,IS701,255700,1,0.016949153
I,MP,IS5,693000,1,0.016949153
I,MP,IS3,709800,1,0.016949153
I,MP,IS1595,821000,1,0.016949153
I,MP,IS5,839800,1,0.016949153
I,MP,IS5,922000,2,0.033898305
I,MP,IS5,976200,1,0.016949153
I,MP,IS1595,1002800,1,0.016949153
I,MP,IS3,1154500,1,0.016949153
I,MP,IS5,1155700,2,0.033898305
I,MP,IS4,1353900,1,0.016949153
I,MP,ISL3,1564600,1,0.016949153
I,MP,IS1595,1613900,1,0.016949153
I,MP,IS5,1845500,1,0.016949153
I,MP,IS4,1953200,1,0.016949153
I,MP,IS3,1985600,1,0.016949153
I,Chr,ISL3,520600,1,0.016949153
I,Chr,ISL3,2331400,1,0.016949153
I,Chr,IS3,2477500,1,0.016949153
I,Chr,IS5,2477800,1,0.016949153
I,Chr,IS3,3160600,1,0.016949153
I,MP,IS3,45200,1,0.016949153
I,MP,IS3,84100,1,0.016949153
I,MP,IS5,147400,1,0.016949153
I,MP,IS5,192500,1,0.016949153
I,MP,ISL3,1268000,1,0.016949153
I,MP,IS5,1530100,1,0.016949153
I,MP,IS3,1777600,1,0.016949153
I,MP,IS701,1882600,1,0.016949153
I,MP,IS3,1990800,1,0.016949153
I,Chr,IS3,2679600,1,0.016949153
I,Chr,IS5,2959300,1,0.016949153
I,Chr,IS5,3500900,1,0.016949153
I,MP,IS5,454700,1,0.016949153
I,MP,IS5,705000,1,0.016949153
I,Chr,IS5,233000,2,0.033898305
I,Chr,IS5,325600,2,0.033898305
I,Chr,IS5,921200,2,0.033898305
I,Chr,IS5,1054400,2,0.033898305
I,Chr,IS5,1437500,2,0.033898305
I,Chr,IS5,2513700,2,0.033898305
I,MP,IS5,3300,1,0.016949153
I,MP,IS5,34200,4,0.06779661
I,MP,IS5,255700,2,0.033898305
I,MP,IS5,518300,2,0.033898305
I,Chr,IS5,878200,1,0.016949153
I,Chr,IS3,3477600,1,0.016949153
I,MP,IS5,526000,1,0.016949153
I,MP,IS5,1662900,1,0.016949153
I,Chr,IS256,309500,1,0.016949153
I,MP,IS3,1777900,1,0.016949153
I,Chr,IS3,871200,1,0.016949153
I,Chr,ISL3,2781500,1,0.016949153
I,Chr,IS5,3367200,1,0.016949153
I,Chr,IS4,3500300,1,0.016949153
I,Chr,IS5,3612000,1,0.016949153
I,MP,IS4,3300,1,0.016949153
I,Chr,IS110,170500,1,0.016949153
I,Chr,IS110,252100,1,0.016949153
I,Chr,IS110,693500,1,0.016949153
I,Chr,IS5,3273500,1,0.016949153
I,Chr,IS5,3406800,1,0.016949153
I,Chr,IS5,3437700,1,0.016949153
I,MP,IS5,715200,1,0.016949153
I,MP,IS5,718100,2,0.033898305
I,MP,IS5,1208400,1,0.016949153
I,MP,IS3,2048600,1,0.016949153
I,Chr,IS5,191100,1,0.016949153
I,Chr,IS5,254300,1,0.016949153
I,Chr,IS3,287200,1,0.016949153
I,Chr,IS256,582700,1,0.016949153
I,Chr,IS701,787300,1,0.016949153
I,Chr,IS5,796800,1,0.016949153
I,Chr,IS5,986500,1,0.016949153
I,Chr,IS701,1043800,1,0.016949153
I,Chr,IS5,1429800,1,0.016949153
I,Chr,IS3,1555800,1,0.016949153
I,Chr,IS256,1783500,1,0.016949153
I,Chr,IS5,2005600,1,0.016949153
I,Chr,IS3,2282700,1,0.016949153
I,Chr,IS3,2317100,1,0.016949153
I,Chr,IS3,3455600,1,0.016949153
I,Chr,IS3,3476400,1,0.016949153
I,Chr,IS701,3612000,1,0.016949153
I,MP,IS701,255500,1,0.016949153
I,MP,IS5,279400,1,0.016949153
I,MP,IS701,336800,1,0.016949153
I,MP,IS5,442000,1,0.016949153
I,MP,IS5,489300,1,0.016949153
I,MP,IS5,624300,1,0.016949153
I,MP,IS701,624600,1,0.016949153
I,MP,IS5,734600,1,0.016949153
I,MP,IS256,949000,1,0.016949153
I,MP,IS5,1171200,1,0.016949153
I,MP,IS701,1238400,1,0.016949153
I,MP,IS256,1441400,1,0.016949153
I,MP,IS701,1469400,1,0.016949153
I,MP,IS5,1519100,1,0.016949153
I,MP,IS5,1652000,1,0.016949153
I,MP,IS5,1682100,1,0.016949153
I,MP,IS3,1738000,1,0.016949153
I,MP,IS701,1848200,1,0.016949153
I,MP,IS5,1873200,1,0.016949153
I,MP,IS5,1874200,1,0.016949153
I,MP,IS5,1974500,1,0.016949153
I,MP,IS5,2056600,1,0.016949153
I,Chr,IS110,890100,1,0.016949153
I,Chr,IS701,1050200,1,0.016949153
I,Chr,IS110,1725000,1,0.016949153
I,Chr,IS110,1846300,1,0.016949153
I,Chr,IS110,2914400,1,0.016949153
I,Chr,IS3,3211100,1,0.016949153
I,MP,IS110,716300,1,0.016949153
I,MP,ISL3,1466000,1,0.016949153
I,Chr,IS5,2584300,1,0.016949153
I,MP,IS3,2049200,1,0.016949153
I,Chr,IS3,451400,1,0.016949153
I,Chr,IS110,1598300,1,0.016949153
I,Chr,IS3,2039100,1,0.016949153
I,Chr,IS3,2614800,1,0.016949153
I,MP,IS5,255600,1,0.016949153
I,MP,IS3,272400,1,0.016949153
I,MP,IS5,274600,1,0.016949153
I,MP,IS3,1267900,1,0.016949153
I,MP,IS5,1985500,1,0.016949153
I,MP,IS3,2047400,1,0.016949153
I,MP,IS3,2049600,1,0.016949153
IIA,Chr,IS701,1968000,1,
IIA,MP,IS1182,1138100,8,
IIA,MP,IS701,1465900,1,
IIA,Chr,IS5,28100,2,
IIA,Chr,IS5,64700,2,
IIA,Chr,IS5,115400,2,
IIA,Chr,IS5,1142500,2,
IIA,Chr,IS5,1426200,2,
IIA,Chr,IS5,2028300,2,
IIA,Chr,IS5,2223400,2,
IIA,Chr,IS5,2335800,2,
IIA,Chr,IS5,2883700,2,
IIA,Chr,IS5,3401600,2,
IIA,Chr,IS701,3410800,2,
IIA,Chr,IS5,3823000,2,
IIA,MP,IS5,49600,1,
IIA,MP,IS5,96000,1,
IIA,MP,IS5,215200,2,
IIA,MP,IS5,269600,2,
IIA,MP,IS701,450300,2,
IIA,MP,IS5,589800,2,
IIA,MP,IS5,590200,2,
IIA,MP,IS5,720800,1,
IIA,MP,IS5,830700,2,
IIA,MP,IS5,960300,2,
IIA,MP,IS5,1263900,2,
IIA,MP,IS5,1286300,2,
IIA,MP,IS5,1526900,2,
IIA,MP,IS5,1557800,2,
IIA,MP,IS5,1558400,2,
IIA,MP,IS5,1804900,5,
IIA,MP,IS5,1851500,1,
IIA,Chr,IS110,219000,1,
IIA,Chr,IS110,1460500,1,
IIA,Chr,IS110,2288500,1,
IIA,Chr,IS110,2295000,1,
IIA,MP,IS110,959700,1,
IIA,MP,IS110,1473300,1,
IIA,MP,IS110,1545100,1,
IIA,Chr,IS5,97600,4,
IIA,Chr,IS256,1695300,4,
IIA,Chr,IS5,2229100,4,
IIA,MP,IS5,137200,4,
IIA,MP,IS5,138400,4,
IIA,MP,IS5,215100,4,
IIA,MP,IS5,564000,4,
IIA,MP,IS5,1091500,4,
IIA,MP,IS5,1585600,4,
IIA,Chr,IS5,3572600,5,
IIA,Chr,IS256,1060000,5,
IIA,Chr,IS256,1918100,1,
IIA,Chr,IS256,2095300,1,
IIA,MP,IS256,360300,1,
IIA,MP,IS256,417300,1,
IIA,MP,IS256,1865400,1,
IIA,Chr,IS5,2287000,4,
IIA,Chr,IS5,3268700,2,
IIA,Chr,IS5,3338200,4,
IIA,Chr,IS5,3519800,2,
IIA,Chr,IS5,3574100,4,
IIA,MP,IS5,59500,3,
IIA,MP,IS5,138100,3,
IIA,MP,IS5,297100,3,
IIA,MP,IS5,318500,2,
IIA,MP,IS5,368300,4,
IIA,MP,IS5,372700,2,
IIA,MP,IS5,539500,4,
IIA,MP,IS3,549500,4,
IIA,MP,IS5,597100,4,
IIA,MP,IS5,634200,4,
IIA,MP,IS5,997600,4,
IIA,MP,IS5,1345400,3,
IIA,MP,IS5,1581800,3,
IIA,MP,IS5,1891200,4,
IIA,Chr,IS5,1229300,1,
IIA,MP,IS5,225400,1,
IIA,Chr,IS5,1505700,1,
IIA,Chr,IS5,2903400,1,
IIA,Chr,IS5,648100,1,
IIA,Chr,IS5,1260500,1,
IIA,MP,IS5,1302600,1,
IIA,MP,IS5,1641500,1,
IIA,MP,IS5,1763700,1,
IIB,Chr,IS5,51800,247,0.918215613
IIB,Chr,IS5,58700,244,0.907063197
IIB,Chr,IS5,65900,243,0.903345725
IIB,Chr,IS5,73300,239,0.888475836
IIB,Chr,IS5,76100,233,0.866171004
IIB,Chr,IS5,270700,243,0.903345725
IIB,Chr,IS5,307100,242,0.899628253
IIB,Chr,IS5,309800,232,0.862453532
IIB,Chr,IS5,321400,235,0.873605948
IIB,Chr,IS5,344900,248,0.921933086
IIB,Chr,IS5,429900,248,0.921933086
IIB,Chr,IS3,490400,247,0.918215613
IIB,Chr,IS5,855300,2,0.007434944
IIB,Chr,IS5,950200,246,0.914498141
IIB,Chr,IS5,1052700,246,0.914498141
IIB,Chr,IS5,1164000,243,0.903345725
IIB,Chr,IS5,1238900,238,0.884758364
IIB,Chr,IS5,1254100,245,0.910780669
IIB,Chr,IS3,1261900,249,0.925650558
IIB,Chr,IS5,1439200,246,0.914498141
IIB,Chr,IS3,2014300,247,0.918215613
IIB,Chr,IS5,2088500,226,0.840148699
IIB,Chr,IS3,2298000,245,0.910780669
IIB,Chr,IS3,2301600,246,0.914498141
IIB,Chr,IS3,2307200,245,0.910780669
IIB,Chr,IS5,2390200,239,0.888475836
IIB,Chr,IS5,2393900,246,0.914498141
IIB,Chr,IS5,2428400,245,0.910780669
IIB,Chr,IS5,2515900,246,0.914498141
IIB,Chr,IS5,2575400,243,0.903345725
IIB,Chr,IS5,2709000,245,0.910780669
IIB,Chr,IS5,2734200,241,0.895910781
IIB,Chr,IS5,2795000,244,0.907063197
IIB,Chr,IS5,2807000,245,0.910780669
IIB,Chr,IS3,2807400,255,0.94795539
IIB,Chr,IS5,2811000,245,0.910780669
IIB,Chr,IS3,2817700,218,0.810408922
IIB,Chr,IS110,3121800,250,0.92936803
IIB,Chr,IS5,3187200,215,0.799256506
IIB,Chr,IS3,3221800,249,0.925650558
IIB,Chr,IS5,3253800,245,0.910780669
IIB,Chr,IS5,3406200,244,0.907063197
IIB,MP,IS5,109900,245,0.910780669
IIB,MP,IS256,116400,246,0.914498141
IIB,MP,IS5,124600,241,0.895910781
IIB,MP,IS5,155100,248,0.921933086
IIB,MP,IS5,178700,237,0.881040892
IIB,MP,IS5,196600,242,0.899628253
IIB,MP,IS5,219800,242,0.899628253
IIB,MP,IS5,266300,232,0.862453532
IIB,MP,IS5,354200,241,0.895910781
IIB,MP,IS5,361500,236,0.87732342
IIB,MP,IS3,362600,242,0.899628253
IIB,MP,IS5,381300,241,0.895910781
IIB,MP,IS5,384700,245,0.910780669
IIB,MP,IS5,386000,245,0.910780669
IIB,MP,IS5,435300,231,0.858736059
IIB,MP,IS5,526900,231,0.858736059
IIB,MP,IS5,645900,190,0.706319703
IIB,MP,IS5,659200,233,0.866171004
IIB,MP,IS5,705800,235,0.873605948
IIB,MP,IS3,731300,239,0.888475836
IIB,MP,IS21,731700,242,0.899628253
IIB,MP,IS5,737900,241,0.895910781
IIB,MP,IS5,748700,237,0.881040892
IIB,MP,IS5,761100,233,0.866171004
IIB,MP,IS5,929600,243,0.903345725
IIB,MP,IS5,932400,236,0.87732342
IIB,MP,IS5,959100,239,0.888475836
IIB,MP,IS5,1101600,247,0.918215613
IIB,MP,IS5,1154800,231,0.858736059
IIB,MP,IS5,1390200,183,0.680297398
IIB,MP,IS5,1394600,97,0.360594796
IIB,MP,IS5,1434300,246,0.914498141
IIB,MP,IS5,1555700,246,0.914498141
IIB,MP,IS5,1615200,243,0.903345725
IIB,MP,IS5,1650400,238,0.884758364
IIB,MP,IS5,1657200,219,0.814126394
IIB,MP,IS5,1672100,237,0.881040892
IIB,MP,IS5,1711400,233,0.866171004
IIB,MP,IS5,1757200,243,0.903345725
IIB,MP,IS5,1821200,243,0.903345725
IIB,MP,IS3,1855300,252,0.936802974
IIB,MP,IS5,1921800,216,0.802973978
IIB,MP,IS5,1932200,238,0.884758364
IIB,MP,IS5,1941800,236,0.87732342
IIB,Chr,IS5,1205000,243,0.903345725
IIB,Chr,IS5,2090300,60,0.223048327
IIB,MP,IS5,466100,96,0.356877323
IIB,MP,IS5,649100,98,0.364312268
IIB,MP,IS5,1318100,213,0.791821561
IIB,Chr,IS5,576700,1,0.003717472
IIB,Chr,IS3,2083500,1,0.003717472
IIB,Chr,IS5,2817700,48,0.178438662
IIB,MP,IS5,179300,12,0.044609665
IIB,MP,IS5,1309200,2,0.007434944
IIB,MP,IS5,1361500,4,0.014869888
IIB,MP,IS5,1437300,5,0.018587361
IIB,MP,IS5,1658500,60,0.223048327
IIB,MP,IS5,594500,1,0.003717472
IIB,MP,IS3,648000,1,0.003717472
IIB,MP,IS3,737900,1,0.003717472
IIB,MP,IS5,956100,3,0.011152416
IIB,Chr,IS5,2151000,22,0.081784387
IIB,Chr,IS5,2152400,21,0.078066914
IIB,Chr,IS5,2577700,9,0.033457249
IIB,MP,IS5,1660000,27,0.100371747
IIB,MP,IS5,1768100,3,0.011152416
IIB,Chr,IS5,360300,1,0.003717472
IIB,Chr,IS5,1258200,3,0.011152416
IIB,Chr,IS5,3266700,1,0.003717472
IIB,MP,IS5,534600,12,0.044609665
IIB,MP,IS5,1362900,3,0.011152416
IIB,MP,IS5,1865500,5,0.018587361
IIB,MP,IS5,1896200,5,0.018587361
IIB,Chr,IS5,2735900,52,0.19330855
IIB,Chr,IS5,42000,2,0.007434944
IIB,Chr,IS5,290900,1,0.003717472
IIB,Chr,IS5,304100,2,0.007434944
IIB,Chr,IS5,853200,2,0.007434944
IIB,Chr,IS5,1029800,2,0.007434944
IIB,Chr,IS5,2148400,2,0.007434944
IIB,Chr,IS3,2816200,2,0.007434944
IIB,MP,IS5,53800,2,0.007434944
IIB,MP,IS5,383400,2,0.007434944
IIB,MP,IS5,420700,2,0.007434944
IIB,MP,IS5,532200,2,0.007434944
IIB,MP,IS5,800000,2,0.007434944
IIB,MP,IS5,923500,2,0.007434944
IIB,MP,IS5,976800,2,0.007434944
IIB,MP,IS5,1386000,2,0.007434944
IIB,MP,IS5,1393400,1,0.003717472
IIB,MP,IS5,1655700,2,0.007434944
IIB,MP,IS5,1778900,2,0.007434944
IIB,MP,IS5,1879200,5,0.018587361
IIB,Chr,IS3,5600,1,0.003717472
IIB,Chr,IS3,396400,1,0.003717472
IIB,Chr,IS701,2817700,1,0.003717472
IIB,Chr,IS3,3170500,1,0.003717472
IIB,MP,IS5,437900,1,0.003717472
IIB,MP,IS701,526900,1,0.003717472
IIB,MP,IS3,1387700,1,0.003717472
IIB,MP,IS701,1921800,1,0.003717472
IIB,Chr,IS5,72600,12,0.044609665
IIB,Chr,IS5,856000,4,0.014869888
IIB,MP,IS5,360100,3,0.011152416
IIB,MP,IS5,635900,1,0.003717472
IIB,MP,IS5,636200,1,0.003717472
IIB,MP,IS5,1819900,1,0.003717472
IIB,MP,IS5,1384900,2,0.007434944
IIB,Chr,IS3,1627900,8,0.029739777
IIB,Chr,IS256,2181000,5,0.018587361
IIB,Chr,IS256,3214100,1,0.003717472
IIB,MP,IS256,466100,5,0.018587361
IIB,Chr,IS256,2924700,3,0.011152416
IIB,Chr,IS3,793000,1,0.003717472
IIB,Chr,IS3,1627300,1,0.003717472
IIB,Chr,IS5,2344800,5,0.018587361
IIB,MP,IS5,1391100,27,0.100371747
IIB,Chr,IS5,1221400,1,0.003717472
IIB,MP,IS5,1864000,7,0.026022305
IIB,MP,IS5,1863700,2,0.007434944
IIB,Chr,IS5,71800,6,0.022304833
IIB,Chr,IS5,1223500,1,0.003717472
IIB,Chr,IS5,2769300,1,0.003717472
IIB,Chr,IS5,44400,1,0.003717472
IIB,Chr,IS110,366000,1,0.003717472
IIB,Chr,IS5,971700,1,0.003717472
IIB,Chr,IS5,2209100,1,0.003717472
IIB,Chr,IS5,2267200,1,0.003717472
IIB,Chr,IS5,2657100,1,0.003717472
IIB,Chr,IS5,2680800,1,0.003717472
IIB,Chr,IS5,2759800,1,0.003717472
IIB,Chr,IS5,3331400,1,0.003717472
IIB,MP,IS5,188600,1,0.003717472
IIB,MP,IS5,210700,1,0.003717472
IIB,MP,IS5,442200,1,0.003717472
IIB,MP,IS5,584900,1,0.003717472
IIB,MP,IS5,949400,1,0.003717472
IIB,MP,IS5,1389800,1,0.003717472
IIB,MP,IS5,1739600,1,0.003717472
IIB,MP,IS5,1974500,1,0.003717472
IIB,MP,IS5,1989200,1,0.003717472
IIB,Chr,IS5,2425700,5,0.018587361
IIB,MP,IS5,663300,1,0.003717472
IIB,MP,IS5,1918800,1,0.003717472
IIB,MP,IS5,545500,2,0.007434944
IIB,MP,IS3,925400,2,0.007434944
IIB,Chr,IS5,855800,1,0.003717472
IIB,Chr,IS5,2087100,1,0.003717472
IIB,Chr,IS110,3123100,7,0.026022305
IIB,Chr,IS5,1225100,3,0.011152416
IIB,MP,IS5,1558200,3,0.011152416
IIB,MP,IS5,1598800,4,0.014869888
IIB,MP,IS5,1913600,1,0.003717472
IIB,MP,IS5,44100,2,0.007434944
IIB,Chr,IS5,1224200,1,0.003717472
IIB,Chr,IS3,1627600,1,0.003717472
IIB,Chr,IS5,2288600,1,0.003717472
IIB,MP,IS5,1979100,41,0.152416357
IIB,Chr,IS3,1471700,1,0.003717472
IIB,MP,IS5,636500,12,0.044609665
IIB,Chr,IS5,348500,1,0.003717472
IIB,Chr,IS5,1083700,2,0.007434944
IIB,Chr,IS3,1237100,2,0.007434944
IIB,MP,IS5,1311300,2,0.007434944
IIB,MP,IS5,1880800,2,0.007434944
IIB,MP,IS5,1919000,2,0.007434944
IIB,MP,IS3,1920500,2,0.007434944
IIB,MP,IS5,62200,6,0.022304833
IIB,Chr,IS5,305100,12,0.044609665
IIB,Chr,IS5,793200,1,0.003717472
IIB,Chr,IS5,1814400,8,0.029739777
IIB,Chr,IS3,2876900,1,0.003717472
IIB,MP,IS5,1654100,1,0.003717472
IIB,MP,IS5,1655000,1,0.003717472
IIB,Chr,IS5,2340400,1,0.003717472
IIB,Chr,IS5,2624500,1,0.003717472
IIB,MP,IS5,435700,2,0.007434944
IIB,MP,IS5,436000,2,0.007434944
IIB,MP,IS5,1651300,1,0.003717472
IIB,MP,IS5,1651600,1,0.003717472
IIB,MP,IS5,1819200,1,0.003717472
IIB,Chr,IS5,2081000,1,0.003717472
IIB,MP,IS5,1176300,1,0.003717472
IIB,Chr,IS5,2153000,1,0.003717472
IIB,Chr,IS5,2153300,1,0.003717472
IIB,Chr,IS5,2744600,1,0.003717472
IIB,MP,IS5,522500,1,0.003717472
IIB,Chr,IS256,2735400,1,0.003717472
IIB,MP,IS3,126100,1,0.003717472
IIB,Chr,IS3,301400,1,0.003717472
IIB,MP,IS3,1894100,1,0.003717472
IIB,Chr,IS3,2084800,2,0.007434944
IIB,Chr,IS5,153300,1,0.003717472
IIB,Chr,IS1182,417000,1,0.003717472
IIB,Chr,IS5,459000,3,0.011152416
IIB,Chr,IS5,585800,1,0.003717472
IIB,Chr,IS1182,1020100,3,0.011152416
IIB,Chr,IS1182,2665200,3,0.011152416
IIB,Chr,IS1182,2874600,6,0.022304833
IIB,MP,IS3,550200,7,0.026022305
IIB,MP,IS5,650200,3,0.011152416
IIB,MP,IS1595,987200,8,0.029739777
IIB,Chr,IS5,302100,1,0.003717472
IIB,Chr,IS110,614000,2,0.007434944
IIB,Chr,IS5,1125200,2,0.007434944
IIB,Chr,IS1182,2192200,2,0.007434944
IIB,Chr,IS630,3396300,1,0.003717472
IIB,MP,IS5,76700,1,0.003717472
IIB,MP,IS110,922500,3,0.011152416
IIB,Chr,IS5,863400,1,0.003717472
IIB,Chr,IS3,3111200,2,0.007434944
IIB,Chr,IS5,1213500,1,0.003717472
IIB,MP,IS5,647400,1,0.003717472
IIB,Chr,IS5,300500,2,0.007434944
IIB,Chr,IS5,1479700,1,0.003717472
IIB,Chr,IS21,2800500,1,0.003717472
IIB,MP,IS5,117500,1,0.003717472
IIB,MP,IS5,670800,1,0.003717472
IIB,Chr,IS5,1097300,1,0.003717472
IIB,Chr,IS1182,3086000,1,0.003717472
IIB,MP,IS5,1834600,1,0.003717472
IIB,Chr,IS5,152700,3,0.011152416
IIB,MP,IS630,587500,1,0.003717472
IIB,MP,IS630,919600,1,0.003717472
IIB,MP,IS630,1348800,1,0.003717472
IIB,MP,IS5,662200,40,0.148698885
IIB,MP,IS5,1863300,5,0.018587361
IIB,Chr,IS5,793400,1,0.003717472
IIB,Chr,IS5,1148200,1,0.003717472
IIB,MP,IS5,1913300,1,0.003717472
IIB,Chr,IS3,2290100,3,0.011152416
IIB,MP,IS5,2700,9,0.033457249
IIB,Chr,IS5,794000,1,0.003717472
IIB,Chr,IS5,1132000,1,0.003717472
IIB,Chr,IS5,2388300,6,0.022304833
IIB,Chr,IS5,2388600,6,0.022304833
IIB,MP,IS5,1926600,1,0.003717472
IIB,MP,IS5,523700,2,0.007434944
IIB,MP,IS5,149100,1,0.003717472
IIB,MP,IS3,1931200,1,0.003717472
IIB,MP,IS5,1912500,2,0.007434944
IIB,MP,IS5,1410900,1,0.003717472
IIB,Chr,IS3,3257400,1,0.003717472
IIB,MP,IS5,16100,1,0.003717472
IIB,Chr,IS5,1247800,1,0.003717472
IIB,MP,IS5,1588600,1,0.003717472
IIB,Chr,IS5,1205900,1,0.003717472
IIB,Chr,IS5,1206100,1,0.003717472
IIB,MP,IS5,135300,1,0.003717472
IIB,Chr,IS5,430800,4,0.014869888
IIB,Chr,IS5,1473500,4,0.014869888
IIB,MP,IS5,81600,4,0.014869888
IIB,MP,IS5,1833000,1,0.003717472
IIB,MP,IS5,817600,1,0.003717472
IIB,Chr,IS3,2300000,1,0.003717472
IIB,Chr,IS5,2364200,15,0.055762082
IIB,MP,IS5,545200,4,0.014869888
IIB,MP,IS5,661600,1,0.003717472
IIB,Chr,IS5,1741300,1,0.003717472
IIB,MP,IS5,647700,1,0.003717472
IIB,MP,IS3,1558700,5,0.018587361
IIB,Chr,IS3,3220600,1,0.003717472
IIB,MP,IS5,657700,1,0.003717472
IIB,Chr,IS3,1261300,2,0.007434944
IIB,Chr,IS5,3135500,1,0.003717472
IIB,MP,IS5,358300,1,0.003717472
IIB,Chr,IS5,2699000,1,0.003717472
IIB,MP,IS5,148500,2,0.007434944
IIB,Chr,IS5,1230100,2,0.007434944
IIB,Chr,IS5,3200000,1,0.003717472
IIB,MP,IS5,1765200,1,0.003717472
IIB,MP,IS5,125200,1,0.003717472
IIB,MP,IS5,1922600,1,0.003717472
IIB,Chr,IS5,2138600,1,0.003717472
IIB,Chr,IS5,793000,2,0.007434944
IIB,Chr,IS5,1159500,9,0.033457249
IIB,MP,IS5,1558400,8,0.029739777
IIB,Chr,IS5,76500,1,0.003717472
IIB,Chr,IS5,76800,1,0.003717472
IIB,MP,IS5,149400,2,0.007434944
IIB,MP,IS5,1626900,1,0.003717472
IIB,MP,IS5,1925800,4,0.014869888
IIB,MP,IS5,358000,1,0.003717472
IIB,Chr,IS110,2038000,2,0.007434944
IIB,MP,IS110,311600,2,0.007434944
IIB,Chr,IS5,1424900,1,0.003717472
IIB,Chr,IS3,10700,1,0.003717472
IIB,Chr,IS3,397400,1,0.003717472
IIB,MP,IS5,1930900,1,0.003717472
IIB,MP,IS1182,1225400,1,0.003717472
IIB,MP,IS5,1752800,1,0.003717472
IIB,Chr,IS1182,2693900,1,0.003717472
IIB,MP,IS630,65800,1,0.003717472
IIB,MP,IS630,1552200,1,0.003717472
IIB,Chr,IS5,3136100,1,0.003717472
III,Chr,IS5,236300,1,
III,Chr,IS5,2938600,6,
III,MP,IS5,58600,5,
III,MP,IS5,214100,6,
III,MP,IS701,527000,1,
III,MP,IS110,728000,3,
III,MP,IS5,931400,5,
III,MP,IS5,1784800,2,
III,Chr,IS110,2464300,2,
III,MP,IS3,213800,2,
III,MP,IS5,208900,1,
III,MP,IS5,214600,1,
III,Chr,IS5,1114100,1,
III,Chr,IS1182,2856900,2,
III,MP,IS5,58500,1,
III,MP,IS5,342700,1,
III,MP,IS5,610900,1,
III,MP,IS5,728800,1,
III,MP,IS5,1043100,1,
III,MP,IS5,1157400,1,
III,MP,IS5,1747600,2,
III,MP,IS3,1911200,1,
III,Chr,IS701,657400,1,
III,Chr,IS1182,944800,1,
III,MP,IS3,972900,1,
III,MP,IS4,1516100,1,
III,Chr,IS1182,528200,1,
III,Chr,IS1182,844800,1,
III,Chr,IS1182,944900,1,
III,Chr,IS1182,1153000,1,
III,Chr,IS5,2938500,1,
III,Chr,IS1182,3561600,1,
III,MP,IS3,606000,1,
IV,Chr,IS5,400900,1,
IV,Chr,IS3,401900,3,
IV,Chr,IS5,550800,3,
IV,Chr,IS5,1153800,3,
IV,Chr,IS3,1286700,3,
IV,Chr,IS3,1434600,3,
IV,Chr,IS3,1657500,3,
IV,Chr,IS5,1730700,3,
IV,Chr,IS5,1731300,3,
IV,Chr,IS5,2620500,1,
IV,Chr,IS3,2725000,3,
IV,Chr,IS5,2784400,3,
IV,Chr,IS5,3307000,1,
IV,Chr,IS5,3390200,3,
IV,MP,IS5,60100,2,
IV,MP,IS5,167800,1,
IV,MP,IS3,405200,1,
IV,MP,IS5,930100,3,
IV,MP,IS3,1121400,1,
IV,MP,IS5,1266100,2,
IV,MP,IS3,1267700,1,
IV,MP,IS5,1275000,3,
IV,MP,IS5,1388400,3,
IV,MP,IS3,2055800,1,
IV,Chr,IS5,396200,1,
IV,Chr,IS3,2613400,1,
IV,Chr,IS3,2616500,2,
IV,MP,IS5,59300,2,
IV,MP,IS3,284000,2,
IV,Chr,IS3,299300,2,
IV,Chr,,1320400,0,
IV,Chr,IS3,1560700,1,
IV,MP,IS1595,463500,2,
IV,MP,IS110,588800,1,
IV,MP,IS1595,670000,2,
IV,MP,IS3,1037600,1,
IV,MP,IS5,1072900,1,
IV,MP,IS1595,1599500,1,
IV,Chr,IS5,2620600,1,
IV,MP,IS3,1870400,1,
IV,Chr,IS630,112600,1,
IV,Chr,IS630,113200,1,
IV,Chr,IS630,338600,1,
IV,Chr,IS630,383600,1,
IV,Chr,IS630,395300,1,
IV,Chr,IS630,433900,1,
IV,Chr,IS630,436000,1,
IV,Chr,IS630,596900,1,
IV,Chr,IS630,626300,1,
IV,Chr,IS630,678600,1,
IV,Chr,IS630,716400,1,
IV,Chr,IS630,787000,1,
IV,Chr,IS630,833500,1,
IV,Chr,IS630,842000,1,
IV,Chr,IS630,847600,1,
IV,Chr,IS630,1106700,1,
IV,Chr,IS630,1254300,1,
IV,Chr,IS630,1358300,1,
IV,Chr,IS630,1725900,1,
IV,Chr,IS630,1727500,1,
IV,Chr,IS630,1866800,1,
IV,Chr,IS630,1976500,1,
IV,Chr,IS630,2075800,1,
IV,Chr,IS630,2077100,1,
IV,Chr,IS1595,2152700,1,
IV,Chr,IS630,2246900,1,
IV,Chr,IS630,2308700,1,
IV,Chr,IS630,2309200,1,
IV,Chr,IS630,2365500,1,
IV,Chr,IS630,2480900,1,
IV,Chr,IS630,2520600,1,
IV,Chr,IS630,2529700,1,
IV,Chr,IS630,2551300,1,
IV,Chr,IS630,2574400,1,
IV,Chr,IS630,2583500,1,
IV,Chr,IS630,2665300,1,
IV,Chr,IS630,2684000,1,
IV,Chr,IS630,2694600,1,
IV,Chr,IS630,2712200,1,
IV,Chr,IS630,2752800,1,
IV,Chr,IS630,3076700,1,
IV,Chr,IS630,3222700,1,
IV,Chr,IS630,3232300,1,
IV,Chr,IS630,3403500,1,
IV,Chr,IS630,3470100,1,
IV,MP,IS630,2700,1,
IV,MP,IS630,24300,1,
IV,MP,IS630,345800,1,
IV,MP,IS630,460800,1,
IV,MP,IS630,666800,1,
IV,MP,IS630,688300,1,
IV,MP,IS5,730500,1,
IV,MP,IS630,1191100,1,
IV,MP,IS630,1331900,1,
IV,MP,IS630,1456200,1,
IV,MP,IS630,1666900,1,
IV,MP,IS630,1787100,1,
IV,MP,IS630,1802400,1,
IV,MP,IS630,1871500,1,
IV,MP,IS630,1882300,1,
IV,MP,IS630,2020800,1,
