Isolate,Region,ISBma3,ISBma2,ISRsy1,ISRme4,ISRso7,IS401,ISAisp2,ISButh1,ISRso10,ISRso11,ISRso12,ISRso14,ISRso16,ISRso20,ISRso13,IS1021,IS1405,IS1420,IS1421,ISRso1,ISRso18,ISRso9,Unknown_IS5,ISVei4,ISRso17,ISRso15
YO129,Chr,1,0,0,0,0,0,0,0,6,0,0,0,1,2,0,35,0,0,0,0,0,0,0,0,0,0
YO002,Chr,1,0,0,0,0,0,0,0,6,0,0,0,1,2,0,32,0,0,0,0,0,0,0,0,0,0
YO184,Chr,1,0,0,0,0,0,0,0,6,0,0,0,1,2,0,34,0,0,0,0,0,0,0,0,0,0
YO019,Chr,1,0,0,0,0,0,0,0,6,0,0,0,1,2,0,36,0,0,0,0,0,0,0,0,0,0
YO251,Chr,1,0,0,0,0,0,0,0,6,0,0,0,1,2,0,34,0,0,0,0,0,0,0,0,0,0
YO250,Chr,1,0,0,0,0,0,0,0,6,0,0,0,1,2,0,34,0,0,0,0,0,0,0,0,0,0
YO258,Chr,1,0,0,0,0,0,0,0,6,0,0,0,1,2,0,34,0,0,0,0,0,0,0,0,0,0
YO210,Chr,1,0,0,0,0,0,0,0,6,0,0,0,1,2,0,35,0,0,0,0,0,0,0,0,0,0
YO241,Chr,1,0,0,0,0,0,0,0,6,0,0,0,1,2,0,35,0,0,0,0,0,0,0,0,0,0
YO287,Chr,1,0,0,0,0,0,0,0,5,0,0,0,1,2,0,34,0,0,0,0,0,0,0,0,0,0
YO293,Chr,1,0,0,0,0,0,0,0,6,0,0,0,1,2,0,33,0,0,0,0,0,0,0,0,0,0
YO237,Chr,1,0,0,0,0,0,0,0,6,0,0,0,1,3,0,32,0,0,0,0,0,0,0,0,0,0
YO321,Chr,1,0,0,0,0,0,0,0,6,0,0,0,1,2,0,32,0,0,0,0,0,0,0,0,0,0
YO232,Chr,1,0,0,0,0,0,0,0,6,0,0,0,1,2,0,34,0,0,0,0,0,0,0,0,0,0
YO203,Chr,1,0,0,0,0,0,0,0,5,0,0,0,1,2,0,31,0,0,0,0,0,0,0,0,0,0
YO166,Chr,1,0,0,0,0,0,0,0,6,0,0,0,1,2,0,32,0,0,0,0,0,0,0,0,0,0
YO370,Chr,1,0,0,0,0,0,0,0,6,0,0,0,1,2,0,31,0,0,0,0,0,0,0,0,0,0
YO070,Chr,2,0,0,0,0,0,0,0,6,0,0,0,1,2,0,35,0,0,0,0,0,0,0,0,0,0
YO069,Chr,1,0,0,0,0,0,0,0,6,0,0,0,1,2,0,34,0,0,0,0,0,0,0,0,0,0
YO347,Chr,1,0,0,0,0,0,0,0,5,0,0,0,1,2,0,33,0,0,0,0,0,0,0,0,0,0
YO316,Chr,2,0,0,0,0,0,0,0,6,0,0,0,1,2,0,32,0,0,0,0,0,0,0,0,0,0
YO317,Chr,1,0,0,0,0,0,0,0,6,0,0,0,1,2,0,32,0,0,0,0,0,0,0,0,0,0
YO113,Chr,1,0,0,0,0,0,0,0,6,0,0,0,1,2,0,32,0,0,0,0,0,0,0,0,0,0
YO369,Chr,1,0,0,0,0,0,0,0,6,0,0,0,1,2,0,34,0,0,0,0,0,0,0,0,0,0
YO356,Chr,1,0,0,0,0,0,0,0,6,0,0,0,1,2,0,33,0,0,0,0,0,0,0,0,0,0
YO361,Chr,1,0,0,0,0,0,0,0,6,0,0,0,1,2,0,34,0,0,0,0,0,0,0,0,0,0
YO097,Chr,1,0,0,0,0,0,0,0,6,0,0,0,1,3,0,34,0,0,0,0,0,0,0,0,0,0
YO017,Chr,1,0,0,0,0,0,0,0,6,0,0,0,1,2,0,33,0,0,0,0,0,0,0,0,0,0
YO185,Chr,1,0,0,0,0,0,0,0,6,0,0,0,1,2,0,36,0,0,0,0,0,0,0,0,0,0
YO172,Chr,2,0,0,0,0,0,0,0,6,0,0,0,1,2,0,33,0,0,0,0,0,0,0,0,0,0
YO143,Chr,1,0,0,0,0,0,0,0,6,0,0,0,1,2,0,31,0,0,0,0,0,0,0,0,0,0
YO199,Chr,1,0,0,0,0,0,0,0,6,0,0,0,1,2,0,34,0,0,0,0,0,0,0,0,0,0
YO066,Chr,1,0,0,0,0,0,0,0,6,0,0,0,1,2,0,32,0,0,0,0,0,0,0,0,0,0
YO352,Chr,1,0,0,0,0,0,0,0,6,0,0,0,1,2,0,32,0,0,0,0,0,0,0,0,0,0
YO358,Chr,1,0,0,0,0,0,0,0,6,0,0,0,1,2,0,32,0,0,0,0,0,0,0,0,0,0
YO360,Chr,1,0,0,0,0,0,0,0,6,0,0,0,1,2,0,32,0,0,0,0,0,0,0,0,0,0
YO230,Chr,1,0,0,0,0,0,0,0,6,0,0,0,1,2,0,32,0,0,0,0,0,0,0,0,0,0
YO335,Chr,1,0,0,0,0,0,0,0,7,0,0,0,1,2,0,32,0,0,0,0,0,0,0,0,0,0
YO365,Chr,1,0,0,0,0,0,0,0,6,0,0,0,1,2,0,32,0,0,0,0,0,0,0,0,0,0
YO226,Chr,1,0,0,0,0,0,0,0,6,0,0,0,1,2,0,32,0,0,0,0,0,0,0,0,0,0
YO223,Chr,1,0,0,0,0,0,0,0,6,0,0,0,1,2,0,32,0,0,0,0,0,0,0,0,0,0
YO246,Chr,1,0,0,0,0,0,0,0,6,0,0,0,1,2,0,32,0,0,0,0,0,0,0,0,0,0
YO301,Chr,1,0,0,0,0,0,0,0,6,0,0,0,1,2,0,30,0,0,0,0,0,0,0,0,0,0
YO086,Chr,1,0,0,0,0,0,0,0,6,0,0,0,1,2,0,32,0,0,0,0,0,0,0,0,0,0
YO236,Chr,1,0,0,0,0,0,0,0,5,0,0,0,1,2,0,34,0,0,0,0,0,0,0,0,0,0
YO181,Chr,1,0,0,0,0,0,0,0,6,0,0,0,1,2,0,32,0,0,0,0,0,0,0,0,0,0
YO302,Chr,1,0,0,0,0,0,0,0,6,0,0,0,1,2,0,34,0,0,0,0,0,0,0,0,0,0
YO183,Chr,1,0,0,0,0,0,0,0,6,0,0,0,1,2,0,34,0,0,0,0,0,0,0,0,0,0
YO354,Chr,1,0,0,0,0,0,0,0,7,0,0,0,1,2,0,34,0,0,0,0,0,0,0,0,0,0
YO270,Chr,1,0,0,0,0,0,0,0,6,0,0,0,1,2,0,33,0,0,0,0,0,0,0,0,0,0
YO229,Chr,1,0,0,0,0,0,0,0,6,0,0,0,1,2,0,34,0,0,0,0,0,0,0,0,0,0
YO228,Chr,1,0,0,0,0,0,0,0,6,0,0,0,1,2,0,33,0,0,0,0,0,0,0,0,0,0
YO342,Chr,1,0,0,0,0,0,0,0,6,0,0,0,1,2,0,33,0,0,0,0,0,0,0,0,0,0
YO218,Chr,1,0,0,0,0,0,0,0,6,0,0,0,1,2,0,32,0,0,0,0,0,0,0,0,0,0
YO146,Chr,1,0,0,0,0,0,0,0,6,0,0,0,1,2,0,34,0,0,0,0,0,0,0,0,0,0
YO004,Chr,1,0,0,0,0,0,0,0,6,0,0,0,1,2,0,32,0,0,0,0,0,0,0,0,0,0
YO132,Chr,2,0,0,0,0,0,0,0,6,0,0,0,1,2,0,33,0,0,0,0,0,0,0,0,0,0
YO013,Chr,1,0,0,0,0,0,0,0,6,0,0,0,1,2,0,37,0,0,0,0,0,0,0,0,0,0
YO165,Chr,1,0,0,0,0,0,0,0,6,0,0,0,1,2,0,36,0,0,0,0,0,0,0,0,0,0
YO051,Chr,1,0,0,0,0,0,0,0,6,0,0,0,1,2,0,33,0,0,0,0,0,0,0,0,0,0
YO263,Chr,1,0,0,0,0,0,0,0,6,0,0,0,1,2,0,32,0,0,0,0,0,0,0,0,0,0
YO221,Chr,1,0,0,0,0,0,0,0,6,0,0,0,1,2,0,32,0,0,0,0,0,0,0,0,0,0
YO306,Chr,1,0,0,0,0,0,0,0,6,0,0,0,1,2,0,32,0,0,0,0,0,0,0,0,0,0
YO261,Chr,1,0,0,0,0,0,0,0,6,0,0,0,1,2,0,32,0,0,0,0,0,0,0,0,0,0
YO267,Chr,1,0,0,0,0,0,0,0,6,0,0,0,1,2,0,32,0,0,0,0,0,0,0,0,0,0
YO260,Chr,1,0,0,0,0,0,0,0,6,0,0,0,1,2,0,32,0,0,0,0,0,0,0,0,0,0
YO062,Chr,1,0,0,0,0,0,0,0,6,0,0,0,1,2,0,33,0,0,0,0,0,0,0,0,0,0
YO272,Chr,1,0,0,0,0,0,0,0,6,0,0,0,1,2,0,33,0,0,0,0,0,0,0,0,0,0
YO341,Chr,1,0,0,0,0,0,0,0,6,0,0,0,1,2,0,32,0,0,0,0,0,0,0,0,0,0
YO173,Chr,1,0,0,0,0,0,0,0,6,0,0,0,1,2,0,34,0,0,0,0,0,0,0,0,0,0
YO245,Chr,1,0,0,0,0,0,0,0,6,0,0,0,1,2,0,33,0,0,0,0,0,0,0,0,0,0
YO247,Chr,1,0,0,0,0,0,0,0,6,0,0,0,1,2,0,32,0,0,0,0,0,0,0,0,0,0
YO279,Chr,1,0,0,0,0,0,0,0,6,0,0,0,1,2,0,34,0,0,0,0,0,0,0,0,0,0
YO334,Chr,1,0,0,0,0,0,0,0,6,0,0,0,1,2,0,32,0,0,0,0,0,0,0,0,0,0
YO273,Chr,1,0,0,0,0,0,0,0,6,0,0,0,1,2,0,33,0,0,0,0,0,0,0,0,0,0
YO277,Chr,1,0,0,0,0,0,0,0,6,0,0,0,1,2,0,34,0,0,0,0,0,0,0,0,0,0
YO344,Chr,1,0,0,0,0,0,0,0,5,0,0,0,1,2,0,36,0,0,0,0,0,0,0,0,0,0
YO117,Chr,1,0,0,0,0,0,0,0,6,0,0,0,1,2,0,33,0,0,0,0,0,0,0,0,0,0
YO330,Chr,1,0,0,0,0,0,0,0,6,0,0,0,1,2,0,30,0,0,0,0,0,0,0,0,0,0
YO011,Chr,1,0,0,0,0,0,0,0,6,0,0,0,1,2,0,28,0,0,0,0,0,0,0,0,0,0
YO212,Chr,1,0,0,0,0,0,0,0,6,0,0,0,1,2,0,35,0,0,0,0,0,0,0,0,0,0
YO068,Chr,1,0,0,0,0,0,0,0,6,0,0,0,1,2,0,33,0,0,0,0,0,0,0,0,0,0
YO333,Chr,1,0,0,0,0,0,0,0,7,0,0,0,1,2,0,32,0,0,0,0,0,0,0,0,0,0
YO303,Chr,1,0,0,0,0,0,0,0,6,0,0,0,1,2,0,33,0,0,0,0,0,0,0,0,0,0
YO371,Chr,1,0,0,0,0,0,0,0,6,0,0,0,1,2,0,31,0,0,0,0,0,0,0,0,0,0
YO254,Chr,1,0,0,0,0,0,0,0,6,0,0,0,1,2,0,34,0,0,0,0,0,0,0,0,0,0
YO054,Chr,1,0,0,0,0,0,0,0,0,0,0,0,0,0,0,8,0,0,0,0,0,0,0,0,0,0
YO255,Chr,1,0,0,0,0,0,0,0,7,0,0,0,1,2,0,34,0,0,0,0,0,0,0,0,0,0
YO256,Chr,1,0,0,0,0,0,0,0,6,0,0,0,1,2,0,34,0,0,0,0,0,0,0,0,0,0
YO094,Chr,1,0,0,0,0,0,0,0,6,0,0,0,1,2,0,33,0,0,0,0,0,0,0,0,0,0
YO170,Chr,1,0,0,0,0,0,0,0,6,0,0,0,1,2,0,33,0,0,0,0,0,0,0,0,0,0
YO357,Chr,1,0,0,0,0,0,0,0,6,0,0,0,1,2,0,33,0,0,0,0,0,0,0,0,0,0
YO363,Chr,1,0,0,0,0,0,0,0,6,0,0,0,1,2,0,33,0,0,0,0,0,0,0,0,0,0
YO364,Chr,1,0,0,0,0,0,0,0,6,0,0,0,1,2,0,34,0,0,0,0,0,0,0,0,0,0
YO366,Chr,1,0,0,0,0,0,0,0,6,0,0,0,1,2,0,33,0,0,0,0,0,0,0,0,0,0
YO144,Chr,1,0,0,0,0,0,0,0,5,0,0,0,1,0,0,14,0,0,0,0,0,0,0,0,0,0
YO092,Chr,1,0,0,0,0,0,0,0,6,0,0,0,1,2,0,32,0,0,0,0,0,0,0,0,0,0
YO283,Chr,1,0,0,0,0,0,0,0,6,0,0,0,1,2,0,33,0,0,0,0,0,0,0,0,0,0
YO240,Chr,1,0,0,0,0,0,0,0,6,0,0,0,1,2,0,33,0,0,0,0,0,0,0,0,0,0
YO202,Chr,1,0,0,0,0,0,0,0,5,0,0,0,0,2,0,35,0,0,0,0,0,0,0,0,0,0
YO222,Chr,1,0,0,0,0,0,0,0,6,0,0,0,1,2,0,32,0,0,0,0,0,0,0,0,0,0
YO091,Chr,1,0,0,0,0,0,0,0,6,0,0,0,1,2,0,32,0,0,0,0,0,0,0,0,0,0
YO174,Chr,1,0,0,0,0,0,0,0,7,0,0,0,1,2,0,33,0,0,0,0,0,0,0,0,0,0
YO095,Chr,1,0,0,0,0,0,0,0,6,0,0,0,1,2,0,33,0,0,0,0,0,0,0,0,0,0
YO175,Chr,1,0,0,0,0,0,0,0,6,0,0,0,1,2,0,32,0,0,0,0,0,0,0,0,0,0
YO093,Chr,1,0,0,0,0,0,0,0,6,0,0,0,1,2,0,33,0,0,0,0,0,0,0,0,0,0
YO176,Chr,1,0,0,0,0,0,0,0,6,0,0,0,1,2,0,33,0,0,0,0,0,0,0,0,0,0
YO148,Chr,1,0,0,0,0,0,0,0,6,0,0,0,1,2,0,33,0,0,0,0,0,0,0,0,0,0
YO008,Chr,1,0,0,0,0,0,0,0,7,0,0,0,1,2,0,33,0,0,0,0,0,0,0,0,0,0
YO010,Chr,1,0,0,0,0,0,0,0,6,0,0,0,0,2,0,32,0,0,0,0,0,0,0,0,0,0
YO147,Chr,1,0,0,0,0,0,0,0,5,0,0,0,1,2,0,33,0,0,0,0,0,0,0,0,0,0
YO123,Chr,1,0,0,0,0,0,0,0,6,0,0,0,1,2,0,30,0,0,0,0,0,0,0,0,0,0
YO112,Chr,1,0,0,0,0,0,0,0,6,0,0,0,1,2,0,31,0,0,0,0,0,0,0,0,0,0
YO072,Chr,2,0,0,0,0,0,0,0,6,0,0,0,1,2,0,33,0,0,0,0,0,0,0,0,0,0
YO162,Chr,1,0,0,0,0,0,0,0,7,0,0,0,1,2,0,35,0,0,0,0,0,0,0,0,0,0
YO285,Chr,1,0,0,0,0,0,0,0,7,0,0,0,1,2,0,32,0,0,0,0,0,0,0,0,0,0
YO286,Chr,1,0,0,0,0,0,0,0,6,0,0,0,1,2,0,31,0,0,0,0,0,0,0,0,0,0
YO047,Chr,1,0,0,0,0,0,0,0,6,0,0,0,1,2,0,32,0,0,0,0,0,0,0,0,0,0
YO281,Chr,1,0,0,0,0,0,0,0,6,0,0,0,1,2,0,32,0,0,0,0,0,0,0,0,0,0
YO308,Chr,1,0,0,0,0,0,0,0,6,0,0,0,1,2,0,33,0,0,0,0,0,0,0,0,0,0
YO266,Chr,1,0,0,0,0,0,0,1,6,0,0,0,1,2,0,32,0,0,0,0,0,0,0,0,0,0
YO307,Chr,1,0,0,0,0,0,0,0,6,0,0,0,1,2,0,32,0,0,0,0,0,0,0,0,0,0
YO227,Chr,1,0,0,0,0,0,0,0,6,0,0,0,1,2,0,32,0,0,0,0,0,0,0,0,0,0
YO269,Chr,1,0,0,0,0,0,0,0,6,0,0,0,1,2,0,34,0,0,0,0,0,0,0,0,0,0
YO264,Chr,1,0,0,0,0,0,0,0,6,0,0,0,1,2,0,32,0,0,0,0,0,0,0,0,0,0
YO248,Chr,1,0,0,0,0,0,0,0,6,0,0,0,1,2,0,32,0,0,0,0,0,0,0,0,0,0
YO224,Chr,1,0,0,0,0,0,0,0,6,0,0,0,1,2,0,32,0,0,0,0,0,0,0,0,0,0
YO064,Chr,1,0,0,0,0,0,0,0,6,0,0,0,1,2,0,32,0,0,0,0,0,0,0,0,0,0
YO268,Chr,1,0,0,0,0,0,0,0,6,0,0,0,1,2,0,33,0,0,0,0,0,0,0,0,0,0
YO284,Chr,1,0,0,0,0,0,0,0,6,0,0,0,1,2,0,34,0,0,0,0,0,0,0,0,0,0
YO351,Chr,1,0,0,0,0,0,0,0,6,0,0,0,1,2,0,33,0,0,0,0,0,0,0,0,0,0
YO350,Chr,1,0,0,0,0,0,0,0,6,0,0,0,1,2,0,31,0,0,0,0,0,0,0,0,0,0
YO265,Chr,1,0,0,0,0,0,0,0,6,0,0,0,1,2,0,32,0,0,0,0,0,0,0,0,0,0
YO271,Chr,1,0,0,0,0,0,0,0,5,0,0,0,1,2,0,33,0,0,0,0,0,0,0,0,0,0
YO012,Chr,1,0,0,0,0,0,0,0,6,0,0,0,1,2,0,32,0,0,0,0,0,0,0,0,0,0
YO353,Chr,1,0,0,0,0,0,0,0,6,0,0,0,1,2,0,30,0,0,0,0,0,0,0,0,0,0
YO180,Chr,1,0,0,0,0,0,0,0,6,0,0,0,1,2,0,35,0,0,0,0,0,0,0,0,0,0
YO205,Chr,1,0,0,0,0,0,0,0,6,0,0,0,1,2,0,33,0,0,0,0,0,0,0,0,0,0
YO238,Chr,1,0,0,0,0,0,0,0,5,0,0,0,1,2,0,35,0,0,0,0,0,0,0,0,0,0
YO339,Chr,1,0,0,0,0,0,0,0,7,0,0,0,1,2,0,32,0,0,0,0,0,0,0,0,0,0
YO208,Chr,1,0,0,0,0,0,0,0,6,0,0,0,1,2,0,33,0,0,0,0,0,0,0,0,0,0
YO225,Chr,1,0,0,0,0,0,0,0,6,0,0,0,1,2,0,33,0,0,0,0,0,0,0,0,0,0
YO045,Chr,1,0,0,0,0,0,0,0,6,0,0,0,1,2,0,32,0,0,0,0,0,0,0,0,0,0
YO044,Chr,1,0,0,0,0,0,0,0,8,0,0,0,1,2,0,32,0,0,0,0,0,0,0,0,0,0
YO362,Chr,1,0,0,0,0,0,0,0,6,0,0,0,1,2,0,31,0,0,0,0,0,0,0,0,0,0
YO087,Chr,1,0,0,0,0,0,0,0,7,0,0,0,1,2,0,32,0,0,0,0,0,0,0,0,0,0
YO114,Chr,1,0,0,0,0,0,0,0,6,0,0,0,1,2,0,34,0,0,0,0,0,0,0,0,0,0
YO116,Chr,1,0,0,0,0,0,0,0,6,0,0,0,1,2,0,33,0,0,0,0,0,0,0,0,0,0
YO115,Chr,1,0,0,0,0,0,0,0,6,0,0,0,1,2,0,33,0,0,0,0,0,0,0,0,0,0
YO048,Chr,1,0,0,0,0,0,0,0,6,0,0,0,1,2,0,31,0,0,0,0,0,0,0,0,0,0
YO126,Chr,1,0,0,0,0,0,0,0,6,0,0,0,1,2,0,32,0,0,0,0,0,0,0,0,0,0
YO125,Chr,1,0,0,0,0,0,0,0,6,0,0,0,1,2,0,32,0,0,0,0,0,0,0,0,0,0
YO219,Chr,1,0,0,0,0,0,0,0,6,0,0,0,1,2,0,34,0,0,0,0,0,0,0,0,0,0
YO206,Chr,1,0,0,0,0,0,0,0,5,0,0,0,1,2,0,32,0,0,0,0,0,0,0,0,0,0
YO196,Chr,1,0,0,0,0,0,0,0,5,0,0,0,1,2,0,34,0,0,0,0,0,0,0,0,0,0
YO235,Chr,1,0,0,0,0,0,0,0,5,0,0,0,1,2,0,33,0,0,0,0,0,0,0,0,0,0
YO233,Chr,1,0,0,0,0,0,0,0,5,0,0,0,1,2,0,33,0,0,0,0,0,0,0,0,0,0
YO215,Chr,1,0,0,0,0,0,0,0,6,0,0,0,1,2,0,33,0,0,0,0,0,0,0,0,0,0
YO073,Chr,1,0,0,0,0,0,0,0,6,0,0,0,1,2,0,32,0,0,0,0,0,0,0,0,0,0
YO336,Chr,1,0,0,0,0,0,0,0,7,0,0,0,1,2,0,30,0,0,0,0,0,0,0,0,0,0
YO214,Chr,1,0,0,0,0,0,0,0,5,0,0,0,1,2,0,34,0,0,0,0,0,0,0,0,0,0
YO300,Chr,1,0,0,0,0,0,0,0,7,0,0,0,1,2,0,34,0,0,0,0,0,0,0,0,0,0
YO243,Chr,1,0,0,0,0,0,0,0,5,0,0,0,1,2,0,34,0,0,0,0,0,0,0,0,0,0
YO305,Chr,1,0,0,0,0,0,0,0,6,0,0,0,1,2,0,32,0,0,0,0,0,0,0,0,0,0
YO345,Chr,1,0,0,0,0,0,0,0,5,0,0,0,1,2,0,33,0,0,0,0,0,0,0,0,0,0
YO121,Chr,1,0,0,0,0,0,0,0,6,0,0,0,1,2,0,32,0,0,0,0,0,0,0,0,0,0
YO337,Chr,1,0,0,0,0,0,0,0,6,0,0,0,1,2,0,31,0,0,0,0,0,0,0,0,0,0
YO120,Chr,1,0,0,0,0,0,0,0,7,0,0,0,1,2,0,34,0,0,0,0,0,0,0,0,0,0
YO322,Chr,1,0,0,0,0,0,0,0,6,0,0,0,1,2,0,32,0,0,0,0,0,0,0,0,0,0
YO294,Chr,1,0,0,0,0,0,0,0,6,0,0,0,1,2,0,32,0,0,0,0,0,0,0,0,0,0
YO315,Chr,1,0,0,0,0,0,0,0,6,0,0,0,1,2,0,32,0,0,0,0,0,0,0,0,0,0
YO298,Chr,1,0,0,0,0,0,0,0,7,0,0,0,1,2,0,34,0,0,0,0,0,0,0,0,0,0
YO252,Chr,1,0,0,0,0,0,0,0,6,0,0,0,1,2,0,32,0,0,0,0,0,0,0,0,0,0
YO311,Chr,1,0,0,0,0,0,0,0,6,0,0,0,1,2,0,32,0,0,0,0,0,0,0,0,0,0
YO060,Chr,1,0,0,0,0,0,0,0,6,0,0,0,1,2,0,32,0,0,0,0,0,0,0,0,0,0
YO310,Chr,1,0,0,0,0,0,0,0,6,0,0,0,1,2,0,33,0,0,0,0,0,0,0,0,0,0
YO327,Chr,1,0,0,0,0,0,0,0,6,0,0,0,1,2,0,33,0,0,0,0,0,0,0,0,0,0
YO299,Chr,1,0,0,0,0,0,0,0,6,0,0,0,1,2,0,33,0,0,0,0,0,0,0,0,0,0
YO282,Chr,1,0,0,0,0,0,0,0,6,0,0,0,1,2,0,32,0,0,0,0,0,0,0,0,0,0
YO319,Chr,1,0,0,0,0,0,0,0,6,0,0,0,1,2,0,31,0,0,0,0,0,0,0,0,0,0
YO290,Chr,1,0,0,0,0,0,0,0,6,0,0,0,1,2,0,32,0,0,0,0,0,0,0,0,0,0
YO071,Chr,1,0,0,0,0,0,0,0,6,0,0,0,1,2,0,34,0,0,0,0,0,0,0,0,0,0
YO313,Chr,1,0,0,0,0,0,0,0,6,0,0,0,1,2,0,35,0,0,0,0,0,0,0,0,0,0
YO198,Chr,1,0,0,0,0,0,0,0,6,0,0,0,1,2,0,33,0,0,0,0,0,0,0,0,0,0
YO291,Chr,1,0,0,0,0,0,0,0,7,0,0,0,1,2,0,32,0,0,0,0,0,0,0,0,0,0
YO355,Chr,1,0,0,0,0,0,0,0,6,0,0,0,1,2,0,30,0,0,0,0,0,0,0,0,0,0
YO063,Chr,1,0,0,0,0,0,0,0,6,0,0,0,1,2,0,32,0,0,0,0,0,0,0,0,0,0
YO022,Chr,1,0,0,0,0,0,0,0,3,0,0,0,1,1,0,12,0,0,0,0,0,0,0,0,0,0
YO031,Chr,1,0,0,0,0,0,0,0,3,0,0,0,1,1,0,13,0,0,0,0,0,0,0,0,0,0
YO204,Chr,1,0,0,0,0,0,0,0,6,0,0,0,1,2,0,32,0,0,0,0,0,0,0,0,0,0
YO380,Chr,2,0,0,0,0,0,0,0,6,0,0,0,1,2,0,34,0,0,0,0,0,0,0,0,0,0
YO292,Chr,1,0,0,0,0,0,0,0,6,0,0,0,1,2,0,32,0,0,0,0,0,0,0,0,0,0
YO296,Chr,1,0,0,0,0,0,0,0,6,0,0,0,1,2,0,32,0,0,0,0,0,0,0,0,0,0
YO325,Chr,2,0,0,0,0,0,0,0,6,0,0,0,1,2,0,31,0,0,0,0,0,0,0,0,0,0
YO295,Chr,1,0,0,0,0,0,0,0,6,0,0,0,1,2,0,33,0,0,0,0,0,0,0,0,0,0
YO314,Chr,1,0,0,0,0,0,0,0,6,0,0,0,1,2,0,31,0,0,0,0,0,0,0,0,0,0
YO231,Chr,1,0,0,0,0,0,0,0,5,0,0,0,1,2,0,34,0,0,0,0,0,0,0,0,0,0
YO127,Chr,1,0,0,0,0,0,0,0,6,0,0,0,1,2,0,32,0,0,0,0,0,0,0,0,0,0
YO348,Chr,1,0,0,0,0,0,0,0,5,0,0,0,1,2,0,32,0,0,0,0,0,0,0,0,0,0
YO249,Chr,1,0,0,0,0,0,0,0,6,0,0,0,1,2,0,34,0,0,0,0,0,0,0,0,0,0
YO338,Chr,1,0,0,0,0,0,0,0,6,0,0,0,1,2,0,31,0,0,0,0,0,0,0,0,0,0
YO288,Chr,1,0,0,0,0,0,0,0,6,0,0,0,1,2,0,31,0,0,0,0,0,0,0,0,0,0
YO280,Chr,1,0,0,0,0,0,0,0,6,0,0,0,1,2,0,33,0,0,0,0,0,0,0,0,0,0
YO276,Chr,1,0,0,0,0,0,0,0,6,0,0,0,1,2,0,33,0,0,0,0,0,0,0,0,0,0
YO275,Chr,1,0,0,0,0,0,0,0,6,0,0,0,1,2,0,33,0,0,0,0,0,0,0,0,0,0
YO326,Chr,1,0,0,0,0,0,0,0,6,0,0,0,1,2,0,33,0,0,0,0,0,0,0,0,0,0
YO274,Chr,1,0,0,0,0,0,0,0,6,0,0,0,1,2,0,33,0,0,0,0,0,0,0,0,0,0
YO278,Chr,1,0,0,0,0,0,0,0,6,0,0,0,1,2,0,33,0,0,0,0,0,0,0,0,0,0
YO289,Chr,1,0,0,0,0,0,0,0,6,0,0,0,1,2,0,34,0,0,0,0,0,0,0,0,0,0
YO297,Chr,1,0,0,0,0,0,0,0,6,0,0,0,1,2,0,34,0,0,0,0,0,0,0,0,0,0
YO320,Chr,1,0,0,0,0,0,0,0,6,0,0,0,1,2,0,33,0,0,0,0,0,0,0,0,0,0
YO244,Chr,1,0,0,0,0,0,0,0,5,0,0,0,1,2,0,34,0,0,0,0,0,0,0,0,0,0
YO257,Chr,1,0,0,0,0,0,0,0,5,0,0,0,1,2,0,35,0,0,0,0,0,0,0,0,0,0
YO201,Chr,1,0,0,0,0,0,0,0,5,0,0,0,1,2,0,34,0,0,0,0,0,0,0,0,0,0
YO234,Chr,1,0,0,0,0,0,0,0,5,0,0,0,1,2,0,34,0,0,0,0,0,0,0,0,0,0
YO209,Chr,1,0,0,0,0,0,0,0,6,0,0,0,1,2,0,35,0,0,0,0,0,0,0,0,0,0
YO216,Chr,1,0,0,0,0,0,0,0,5,0,0,0,1,2,0,35,0,0,0,0,0,0,0,0,0,0
YO309,Chr,1,0,0,0,0,0,0,0,6,0,0,0,1,2,0,33,0,0,0,0,0,0,0,0,0,0
YO368,Chr,1,0,0,0,0,0,0,0,6,0,0,0,1,2,0,34,0,0,0,0,0,0,0,0,0,0
YO242,Chr,1,0,0,0,0,0,0,0,5,0,0,0,1,2,0,34,0,0,0,0,0,0,0,0,0,0
YO211,Chr,1,0,0,0,0,0,0,0,5,0,0,0,1,2,0,34,0,0,0,0,0,0,0,0,0,0
YO207,Chr,1,0,0,0,0,0,0,0,5,0,0,0,1,2,0,34,0,0,0,0,0,0,0,0,0,0
YO200,Chr,1,0,0,0,0,0,0,0,5,0,0,0,1,2,0,35,0,0,0,0,0,0,0,0,0,0
YO197,Chr,1,0,0,0,0,0,0,0,5,0,0,0,1,2,0,34,0,0,0,0,0,0,0,0,0,0
YO239,Chr,1,0,0,0,0,0,0,0,6,0,0,0,1,2,0,34,0,0,0,0,0,0,0,0,0,0
YO065,Chr,1,0,0,0,0,0,0,0,6,0,0,0,1,2,0,30,0,0,0,0,0,0,0,0,0,0
YO046,Chr,1,0,0,0,0,0,0,0,6,0,0,0,1,2,0,32,0,0,0,0,0,0,0,0,0,0
YO213,Chr,1,0,0,0,0,0,0,0,5,0,0,0,1,2,0,35,0,0,0,0,0,0,0,0,0,0
YO052,Chr,1,0,0,0,0,0,0,0,6,0,0,0,1,2,0,34,0,0,0,0,0,0,0,0,0,0
YO253,Chr,1,0,0,0,0,0,0,0,6,0,0,0,1,2,0,32,0,0,0,0,0,0,0,0,0,0
YO220,Chr,1,0,0,0,0,0,0,0,6,0,0,0,1,2,0,34,0,0,0,0,0,0,0,0,0,0
YO050,Chr,1,0,0,0,0,0,0,0,6,0,0,0,1,2,0,32,0,0,0,0,0,0,0,0,0,0
YO331,Chr,1,0,0,0,0,0,0,0,6,0,0,0,1,2,0,32,0,0,0,0,0,0,0,0,0,0
YO096,Chr,1,0,0,0,0,0,0,0,6,0,0,0,1,3,0,34,0,0,0,0,0,0,0,0,0,0
YO346,Chr,1,0,0,0,0,0,0,0,6,0,0,0,1,2,0,35,0,0,0,0,0,0,0,0,0,0
YO171,Chr,0,0,0,0,0,0,0,0,6,0,0,0,1,2,0,32,0,0,0,0,0,0,0,0,0,0
YO177,Chr,1,0,0,0,0,0,0,0,6,0,0,0,1,2,0,33,0,0,0,0,0,0,0,0,0,0
YO367,Chr,1,0,0,0,0,0,0,0,6,0,0,0,1,2,0,31,0,0,0,0,0,0,0,0,0,0
YO262,Chr,1,0,0,0,0,0,0,0,6,0,0,0,1,2,0,32,0,0,0,0,0,0,0,0,0,0
YO349,Chr,1,0,0,0,0,0,0,0,6,0,0,0,1,2,0,32,0,0,0,0,0,0,0,0,0,0
YO217,Chr,1,0,0,0,0,0,0,0,6,0,0,0,1,2,0,35,0,0,0,0,0,0,0,0,0,0
YO318,Chr,1,0,0,0,0,0,0,0,6,0,0,0,1,2,0,34,0,0,0,0,0,0,0,0,0,0
YO340,Chr,1,0,0,0,0,0,0,0,6,0,0,0,1,2,0,33,0,0,0,0,0,0,0,0,0,0
YO332,Chr,1,0,0,0,0,0,0,0,6,0,0,0,1,2,0,32,0,0,0,0,0,0,0,0,0,0
YO328,Chr,1,0,0,0,0,0,0,0,6,0,0,0,1,2,0,33,0,0,0,0,0,0,0,0,0,0
YO329,Chr,1,0,0,0,0,0,0,0,6,0,0,0,1,2,0,32,0,0,0,0,0,0,0,0,0,0
YO085,Chr,1,0,0,0,0,0,0,0,5,0,0,0,1,0,0,14,0,0,0,0,0,0,0,0,0,0
YO053,Chr,1,0,0,0,0,0,0,0,6,0,0,0,1,2,0,34,0,0,0,0,0,0,0,0,0,0
YO090,Chr,1,0,0,0,0,0,0,0,6,0,0,0,1,2,0,30,0,0,0,0,0,0,0,0,0,0
YO359,Chr,1,0,0,0,0,0,0,0,6,0,0,0,1,2,0,35,0,0,0,0,0,0,0,0,0,0
YO158,Chr,1,0,0,0,0,0,0,0,1,0,0,0,1,0,0,0,0,0,0,0,0,0,0,0,0,0
YO026,Chr,0,0,0,0,0,0,0,0,3,0,0,0,0,1,0,0,0,0,0,0,0,0,0,0,1,0
YO153,Chr,0,0,0,0,1,0,0,0,0,0,0,0,1,0,0,0,0,0,0,0,0,0,0,0,0,0
YO152,Chr,1,0,0,0,0,0,0,0,3,0,0,0,0,0,0,0,0,0,0,0,0,0,0,0,0,0
YO159,Chr,0,0,0,0,2,0,0,0,1,0,0,0,1,0,0,0,0,0,0,0,0,0,0,0,0,0
YO160,Chr,0,0,0,0,1,0,0,0,1,0,0,0,1,0,0,0,0,0,0,0,0,0,0,0,0,0
YO036,Chr,0,0,0,0,2,0,0,0,1,0,0,0,1,0,0,0,0,0,0,0,0,0,0,0,0,0
YO035,Chr,0,0,0,0,2,0,0,0,1,0,0,0,1,0,0,0,0,0,0,0,0,0,0,0,0,0
YO089,Chr,0,0,0,0,2,0,0,0,1,0,0,0,1,0,0,0,0,0,0,0,0,0,0,0,0,0
YO032,Chr,0,0,0,0,0,0,0,0,0,0,0,0,0,0,0,0,0,0,0,0,0,0,0,0,0,0
YO157,Chr,0,0,0,0,0,0,0,0,0,0,0,0,1,0,0,0,0,0,0,0,0,0,0,0,0,0
YO190,Chr,0,4,0,0,0,0,0,0,0,0,0,0,0,0,0,0,0,0,0,2,0,0,0,0,0,0
YO192,Chr,0,3,0,0,0,0,0,0,0,0,0,0,0,0,0,0,0,0,0,2,0,0,0,0,0,0
YO168,Chr,0,4,0,0,0,0,0,0,0,0,0,0,0,0,0,0,0,0,0,3,0,0,0,0,0,0
YO188,Chr,1,2,0,1,0,0,0,0,0,0,0,0,0,0,0,0,0,0,0,3,0,0,0,0,0,0
YO169,Chr,1,1,0,0,0,0,0,0,0,0,0,0,0,0,0,0,0,0,0,1,0,1,0,1,0,0
YO374,Chr,1,1,0,0,0,0,0,0,0,0,0,0,0,0,0,0,0,0,0,1,0,0,0,0,0,0
YO373,Chr,1,2,0,0,0,0,0,0,0,0,0,0,0,0,0,0,0,0,0,0,0,0,0,0,0,0
YO372,Chr,0,0,0,0,0,0,0,0,0,0,0,0,0,0,0,0,0,0,0,0,0,0,0,0,0,0
YO039,Chr,0,0,0,0,0,0,0,0,0,0,0,0,0,0,0,0,0,0,0,0,0,0,0,0,0,0
YO142,Chr,0,0,0,0,0,0,0,0,0,0,0,0,0,0,0,0,0,0,0,0,0,0,0,0,0,0
YO043,Chr,0,0,0,0,0,0,0,0,0,0,0,0,0,0,0,0,0,0,0,0,0,0,0,0,0,0
YO111,Chr,0,0,0,0,0,0,0,0,0,0,0,0,0,0,0,0,0,0,0,0,0,0,0,0,0,0
YO041,Chr,0,0,0,0,0,0,0,0,0,0,0,0,0,0,0,0,0,0,0,1,0,0,0,0,0,0
YO077,Chr,0,0,0,0,0,0,0,0,0,0,0,0,0,0,0,0,0,0,0,0,0,0,0,0,0,0
YO134,Chr,0,0,0,0,0,0,0,0,0,0,0,0,0,0,0,0,0,0,1,0,0,0,0,0,0,0
YO033,Chr,4,0,0,0,0,0,0,0,0,0,0,0,0,0,0,0,0,0,0,0,0,0,0,0,0,0
YO088,Chr,0,0,0,0,0,0,0,0,0,0,0,0,0,0,0,1,0,3,0,0,0,0,0,0,0,0
YO098,Chr,0,0,0,0,1,0,0,0,0,0,0,0,0,0,0,1,0,2,0,0,0,0,0,0,0,0
YO189,Chr,0,0,0,0,1,0,0,0,0,0,0,0,0,0,0,1,0,4,0,0,0,0,0,0,0,0
YO381,Chr,0,0,0,0,0,0,0,0,0,0,0,0,0,0,0,1,0,4,0,0,0,0,0,0,0,0
YO015,Chr,0,0,0,0,0,0,0,0,0,0,0,0,0,0,0,3,0,3,0,0,0,0,0,0,1,0
YO016,Chr,0,0,0,0,0,0,0,0,0,0,0,0,0,0,0,1,0,3,0,0,0,0,0,0,1,0
YO014,Chr,0,0,0,0,0,0,0,0,0,0,0,0,0,0,0,0,0,0,0,0,0,0,0,0,1,0
YO021,Chr,0,0,1,0,1,0,0,0,4,4,2,2,2,1,3,0,0,0,2,5,1,3,0,0,0,1
YO018,Chr,0,0,1,0,1,0,0,0,4,3,2,2,2,1,3,0,0,0,2,5,1,3,0,0,0,1
YO191,Chr,0,0,1,0,1,0,0,0,6,3,1,2,2,1,3,0,0,0,2,5,2,4,0,0,0,0
YO080,Chr,0,0,1,0,1,0,0,0,4,5,1,2,2,1,3,0,0,0,2,5,1,4,0,0,0,1
YO156,Chr,0,0,1,0,1,0,0,0,4,5,2,2,2,1,3,0,0,0,2,6,1,4,0,0,0,2
YO020,Chr,0,0,1,0,1,0,0,0,5,5,2,2,2,1,3,0,0,0,2,6,1,5,0,0,0,2
YO081,Chr,0,0,1,0,1,0,0,0,4,4,1,3,2,0,3,0,0,0,2,6,1,4,0,0,0,1
YO149,Chr,0,0,1,0,2,0,0,0,3,2,1,1,2,1,2,0,0,0,1,4,0,0,0,0,0,0
YO007,Chr,0,0,1,0,3,0,0,0,4,2,2,0,2,0,1,0,0,0,1,5,0,0,0,0,0,1
YO005,Chr,0,0,1,0,3,0,0,0,4,2,2,0,2,1,1,0,0,0,1,6,0,0,0,0,0,1
YO075,Chr,0,0,1,0,2,0,0,0,4,2,1,1,2,1,2,0,0,0,1,5,0,0,0,0,0,2
YO151,Chr,0,0,1,0,2,0,0,0,4,2,2,0,2,1,1,0,0,0,1,5,0,0,0,0,0,1
YO042,Chr,1,0,1,0,3,0,0,0,2,2,2,0,2,0,0,0,0,0,1,4,0,0,0,0,0,3
YO037,Chr,1,0,1,0,4,0,0,0,2,2,2,0,2,0,0,0,0,0,1,4,0,0,0,0,0,3
YO155,Chr,1,0,1,0,3,0,0,0,2,2,2,0,2,0,0,0,0,0,1,4,0,0,0,0,0,3
YO038,Chr,1,0,1,0,3,0,0,0,2,2,2,0,2,0,0,0,0,0,1,4,0,0,0,0,0,3
YO034,Chr,1,0,1,0,3,0,0,0,2,2,2,0,2,0,0,0,0,0,1,4,0,0,0,0,0,3
YO130,Chr,0,0,0,0,0,0,0,0,0,2,0,0,1,0,0,0,0,0,0,0,0,0,0,0,0,0
YO150,Chr,1,0,0,0,0,0,0,0,1,1,0,0,2,0,0,0,0,0,1,2,0,0,0,0,0,1
YO187,Chr,0,0,0,0,0,0,0,2,0,0,0,0,2,1,0,0,0,0,1,2,0,0,0,0,0,5
YO027,Chr,2,0,0,0,1,0,0,0,1,0,0,0,2,1,0,0,6,0,2,3,0,0,1,0,0,0
YO074,Chr,2,0,0,0,5,0,0,0,1,0,0,0,2,1,0,0,4,0,2,5,0,0,1,0,0,0
YO154,Chr,0,0,0,0,0,0,0,0,0,0,0,1,0,0,0,0,1,0,1,0,0,0,0,0,0,0
YO101,Chr,0,0,0,0,3,4,0,0,1,5,0,0,0,0,0,2,2,0,1,2,0,0,1,0,4,0
YO028,Chr,2,0,0,0,0,0,0,0,1,3,0,0,2,1,0,0,6,9,2,2,0,0,1,0,1,0
YO133,Chr,4,0,0,0,0,0,0,0,0,2,0,0,2,1,0,0,0,0,1,4,0,0,0,0,1,0
YO009,Chr,1,0,0,0,0,0,0,0,0,1,0,0,1,1,0,0,0,0,1,4,0,0,0,0,0,1
YO124,Chr,0,0,0,0,0,0,0,1,0,0,0,0,0,0,0,0,0,0,0,0,0,0,1,0,0,0
YO141,Chr,0,0,0,0,0,0,0,2,0,0,0,0,2,1,0,0,1,1,3,3,2,1,2,0,0,0
YO139,Chr,0,0,0,0,0,0,0,2,0,0,0,0,2,1,0,0,2,1,3,3,4,1,1,0,0,0
YO136,Chr,0,0,0,0,0,0,0,2,0,0,0,0,2,1,0,0,0,2,3,3,2,1,2,0,0,0
YO138,Chr,0,0,0,0,0,0,0,2,0,0,0,0,2,1,0,0,1,2,3,2,2,1,2,0,0,0
YO140,Chr,0,0,0,0,0,0,0,2,0,0,0,0,2,0,0,0,1,1,3,2,2,1,2,0,0,0
YO137,Chr,0,0,0,0,0,0,0,2,0,0,0,0,2,1,0,0,0,1,3,3,3,1,2,0,0,0
YO163,Chr,0,0,0,0,0,1,0,2,0,0,0,0,2,1,0,0,4,0,1,2,0,0,1,0,1,0
YO079,Chr,0,0,0,0,0,2,0,2,0,0,0,0,2,1,0,0,4,0,1,2,0,0,1,0,1,0
YO164,Chr,0,0,0,0,0,2,0,2,0,0,0,0,2,1,0,0,3,0,1,2,0,0,2,0,1,0
YO122,Chr,0,0,0,0,0,1,0,1,0,0,0,0,2,1,0,0,2,0,1,3,0,1,4,0,2,0
YO194,Chr,0,0,0,0,0,1,0,1,0,0,0,0,2,1,0,0,3,0,1,3,1,1,4,0,2,0
YO178,Chr,0,0,0,0,0,1,0,1,0,0,0,0,2,1,0,0,2,0,1,3,0,1,4,0,3,0
YO135,Chr,0,0,0,0,0,1,0,1,0,0,0,0,2,1,0,0,4,0,1,2,1,1,4,0,1,0
YO193,Chr,0,0,0,0,0,1,0,1,0,0,0,0,2,1,0,0,3,0,1,2,1,1,3,0,2,0
YO182,Chr,2,0,0,0,0,2,0,2,0,0,0,0,2,1,0,0,0,0,4,2,0,0,0,0,0,2
YO040,Chr,2,0,0,0,0,0,0,0,2,1,0,0,1,0,0,0,6,0,1,4,0,0,0,0,0,0
YO378,Chr,2,0,0,0,0,0,0,0,1,1,0,0,1,1,0,0,3,0,1,3,3,0,5,0,0,0
YO131,Chr,4,0,0,0,0,0,0,0,1,1,0,0,1,1,0,0,2,0,1,4,1,0,6,0,0,0
YO161,Chr,4,0,0,0,0,0,0,0,1,1,0,0,1,1,0,0,4,0,1,3,3,0,3,0,0,0
YO023,Chr,2,0,0,0,0,0,0,0,1,2,0,0,1,0,0,0,4,0,2,3,0,0,3,1,0,0
YO379,Chr,0,0,0,0,0,0,1,0,1,3,0,0,1,1,0,0,3,0,1,4,1,0,1,0,0,0
YO029,Chr,0,0,0,0,0,0,0,0,0,3,0,0,1,1,0,0,3,0,1,4,2,0,3,0,0,0
YO084,Chr,3,0,0,0,0,0,0,0,0,2,0,0,0,0,0,0,0,0,0,0,0,0,0,0,0,0
YO006,Chr,0,0,0,0,0,0,0,0,0,3,0,0,1,1,0,0,1,0,1,5,0,0,4,0,0,0
YO083,Chr,3,0,0,0,0,0,0,0,0,3,0,0,1,1,0,0,2,0,1,4,0,0,3,0,0,0
YO376,Chr,0,0,0,0,0,0,0,0,0,1,0,0,1,0,0,0,0,0,2,5,0,0,4,0,0,0
YO375,Chr,0,0,0,0,0,0,0,0,0,1,0,0,1,0,0,0,2,0,2,3,2,0,3,0,0,0
YO024,Chr,3,0,0,0,0,0,0,0,0,3,0,0,1,1,0,0,0,1,4,4,0,0,0,0,0,0
YO030,Chr,3,0,0,0,0,0,0,0,0,3,0,0,1,1,0,0,0,1,4,5,0,0,0,0,0,0
YO003,Chr,2,0,0,0,0,0,0,0,0,3,0,0,1,0,0,0,0,0,1,1,0,0,0,0,0,0
YO025,Chr,2,0,0,0,0,0,0,0,0,1,0,2,1,1,0,0,0,0,2,2,0,0,0,0,0,25
YO383,Chr,0,1,0,0,0,0,0,0,0,0,0,0,0,0,0,0,0,0,1,0,0,0,0,0,1,0
YO382,Chr,1,1,0,0,0,0,0,0,0,0,0,0,0,0,0,0,0,0,0,0,0,0,0,0,0,0
YO384,Chr,0,2,0,0,0,0,0,0,0,0,0,0,0,0,0,0,0,0,1,0,0,0,0,0,0,0
YO076,Chr,0,0,0,0,0,0,0,0,0,0,0,0,0,0,0,0,0,0,1,0,1,0,0,0,0,0
YO001,Chr,0,0,0,0,0,0,0,0,0,0,0,0,0,0,0,0,0,0,0,1,0,0,0,0,0,0
YO128,Chr,0,0,0,0,0,0,0,0,0,0,0,0,0,0,0,0,0,0,0,0,0,0,0,0,0,0
YO145,Chr,0,0,0,0,0,0,0,0,0,0,0,0,0,0,0,0,0,0,0,0,0,0,0,0,0,0
YO082,Chr,0,4,0,0,0,0,0,0,0,0,0,0,0,0,0,0,0,0,0,0,0,0,0,0,0,0
YO104,Chr,0,0,0,0,0,0,0,0,1,0,0,0,1,0,0,0,0,0,0,0,0,5,0,0,0,0
YO106,Chr,0,0,0,0,0,0,0,0,1,0,0,0,1,0,0,0,0,0,0,0,0,3,0,0,0,0
YO102,Chr,0,0,0,0,0,0,0,0,1,0,0,0,1,0,0,0,0,0,0,0,0,3,0,0,0,0
YO099,Chr,0,0,0,0,0,0,0,0,0,0,0,0,0,0,0,0,0,0,0,0,0,0,0,0,0,0
YO119,Chr,0,0,1,0,0,0,0,0,0,0,0,0,0,0,0,0,0,0,0,0,0,0,0,34,0,0
YO129,MP,0,0,0,1,1,0,0,0,0,0,0,0,0,3,0,40,1,0,0,1,0,0,0,0,0,0
YO002,MP,0,0,0,1,1,0,0,0,0,0,0,0,0,3,0,37,1,0,0,1,0,0,0,0,0,0
YO184,MP,0,0,0,1,1,0,0,0,0,0,0,0,0,3,0,37,1,0,1,1,1,0,0,0,0,0
YO019,MP,0,0,0,1,1,0,0,0,0,0,0,0,0,3,0,42,1,0,0,1,0,0,0,0,0,0
YO251,MP,0,0,0,1,1,0,0,0,0,0,0,0,0,3,0,40,1,0,0,1,0,0,0,0,0,0
YO250,MP,0,0,0,1,1,0,0,0,0,0,0,0,0,3,0,38,1,0,0,1,1,0,0,0,0,0
YO258,MP,0,0,0,1,1,0,0,0,0,0,0,0,0,3,0,39,1,0,1,1,1,0,0,0,0,0
YO210,MP,0,0,0,1,1,0,0,0,0,0,0,0,0,3,0,42,1,0,1,1,1,0,0,0,0,0
YO241,MP,0,0,0,1,1,0,0,0,0,0,0,0,0,3,0,42,1,0,0,1,0,0,0,0,0,0
YO287,MP,0,0,0,1,1,0,0,0,0,0,0,0,0,3,0,36,1,0,1,0,1,0,0,0,0,0
YO293,MP,0,0,0,1,1,0,0,0,0,0,0,0,0,3,0,37,1,0,1,0,0,0,0,0,0,0
YO237,MP,0,0,0,1,1,0,0,0,0,0,0,0,0,3,0,39,1,0,0,1,0,0,0,0,0,0
YO321,MP,0,0,0,1,1,0,0,0,0,0,0,0,0,3,0,35,1,0,0,0,1,0,0,0,0,0
YO232,MP,0,0,0,1,1,0,0,0,0,0,0,0,0,3,0,43,1,0,1,0,0,0,0,0,0,0
YO203,MP,0,0,0,1,1,0,0,0,0,0,0,0,0,3,0,38,1,0,0,1,0,0,0,0,0,0
YO166,MP,0,0,0,1,1,0,0,0,0,0,0,0,0,3,0,36,1,0,0,1,0,0,0,0,0,0
YO370,MP,0,0,0,1,1,0,0,0,0,0,0,0,0,4,0,36,1,0,0,1,1,0,0,0,0,0
YO070,MP,0,0,0,1,1,0,0,0,0,0,0,0,0,2,0,33,0,0,0,1,0,0,0,0,0,0
YO069,MP,0,0,0,1,1,0,0,0,0,0,0,0,0,4,0,39,1,0,0,1,1,0,0,0,0,0
YO347,MP,0,0,0,1,1,0,0,0,0,0,0,0,0,3,0,40,1,0,1,1,0,0,0,0,0,0
YO316,MP,0,0,0,1,1,0,0,0,0,0,0,0,0,3,0,35,0,0,1,1,1,0,0,0,0,0
YO317,MP,0,0,0,1,1,0,0,0,0,0,0,0,0,3,0,37,1,0,0,1,0,0,0,0,0,0
YO113,MP,0,0,0,1,1,0,0,0,0,0,0,0,0,3,0,37,0,0,0,1,0,0,0,0,0,0
YO369,MP,0,0,0,1,1,0,0,0,0,0,0,0,0,3,0,38,1,0,0,1,0,0,0,0,0,0
YO356,MP,0,0,0,1,1,0,0,0,0,0,0,0,0,3,0,36,1,0,1,1,1,0,0,0,0,0
YO361,MP,0,0,0,1,1,0,0,0,0,0,0,0,0,3,0,40,1,0,0,1,1,0,0,0,0,0
YO097,MP,0,0,0,1,1,0,0,0,1,0,0,0,0,2,0,38,0,0,1,1,0,0,0,0,0,0
YO017,MP,0,0,0,1,1,0,0,0,0,0,0,0,0,3,0,36,1,0,2,1,1,0,0,0,0,0
YO185,MP,0,0,0,1,1,0,0,0,0,0,0,0,0,3,0,35,1,0,0,1,1,0,0,0,0,0
YO172,MP,0,0,0,1,1,0,0,0,0,0,0,0,0,3,0,39,1,0,0,1,1,0,0,0,0,0
YO143,MP,0,0,0,1,1,0,0,0,0,0,0,0,0,3,0,35,1,0,0,1,1,0,0,0,0,0
YO199,MP,0,0,0,1,1,0,0,0,0,0,0,0,0,3,0,41,1,0,1,1,1,0,0,0,0,0
YO066,MP,0,0,0,1,1,0,0,0,0,0,0,0,0,3,0,34,1,0,0,1,1,0,0,0,0,0
YO352,MP,0,0,0,1,1,0,0,0,0,0,0,0,0,3,0,35,1,0,0,1,1,0,0,0,0,0
YO358,MP,0,0,0,1,1,0,0,0,0,0,0,0,0,2,0,38,1,0,0,0,1,0,0,0,0,0
YO360,MP,0,0,0,1,1,0,0,0,0,0,0,0,0,3,0,42,1,0,0,1,0,0,0,0,0,0
YO230,MP,0,0,0,1,1,0,0,0,0,0,0,0,0,4,0,38,1,0,0,0,0,0,0,0,0,0
YO335,MP,0,0,0,1,1,0,0,0,0,0,0,0,0,3,0,35,1,0,1,1,1,0,0,0,0,0
YO365,MP,0,0,0,1,1,0,0,0,0,0,0,0,0,3,0,40,1,0,0,1,1,0,0,0,0,0
YO226,MP,0,0,0,1,1,0,0,0,0,0,0,0,0,3,0,39,0,0,0,1,1,0,0,0,0,0
YO223,MP,0,0,0,1,1,0,0,0,0,0,0,0,0,3,0,39,1,0,0,0,0,0,0,0,0,0
YO246,MP,0,0,0,1,1,0,0,0,0,0,0,0,0,3,0,36,1,0,0,1,1,0,0,0,0,0
YO301,MP,0,0,0,1,1,0,0,0,0,0,0,0,0,3,0,41,1,0,1,1,0,0,0,0,0,0
YO086,MP,0,0,0,1,1,0,0,0,0,0,0,0,0,3,0,37,1,0,1,0,1,0,0,0,0,0
YO236,MP,0,0,0,1,1,0,0,0,0,0,0,0,0,3,0,41,1,0,0,1,0,0,0,0,0,0
YO181,MP,0,0,0,1,1,0,0,0,0,0,0,0,0,3,0,39,1,0,0,1,0,0,0,0,0,0
YO302,MP,0,0,0,1,1,0,0,0,0,0,0,0,0,3,0,36,0,0,0,1,1,0,0,0,0,0
YO183,MP,0,0,0,1,1,0,0,0,0,0,0,0,0,3,0,37,1,0,0,1,0,0,0,0,0,0
YO354,MP,0,0,0,1,1,0,0,0,0,0,0,0,0,3,0,37,1,0,0,1,0,0,0,0,0,0
YO270,MP,0,0,0,0,1,0,0,0,0,0,0,0,0,2,0,34,0,0,0,1,1,0,0,0,0,0
YO229,MP,0,0,0,1,1,0,0,0,0,0,0,0,0,3,0,36,1,0,0,0,0,0,0,0,0,0
YO228,MP,0,0,0,1,1,0,0,0,0,0,0,0,0,3,0,38,1,0,0,1,1,0,0,0,0,0
YO342,MP,0,0,0,1,1,0,0,0,0,0,0,0,0,3,0,34,1,0,1,1,1,0,0,0,0,0
YO218,MP,0,0,0,1,1,0,0,0,0,0,0,0,0,1,0,26,1,0,1,1,1,0,0,0,0,0
YO146,MP,0,0,0,1,1,0,0,0,0,0,0,0,0,3,0,37,1,0,0,1,1,0,0,0,0,0
YO004,MP,0,0,0,1,1,0,0,0,0,0,0,0,0,3,0,38,0,0,1,0,1,0,0,0,0,0
YO132,MP,0,0,0,1,1,0,0,0,0,0,0,0,0,3,0,36,1,0,0,1,0,0,0,0,0,0
YO013,MP,0,0,0,1,1,0,0,0,0,0,0,0,0,3,0,40,1,0,1,1,1,0,0,0,0,0
YO165,MP,0,0,0,1,1,0,0,0,0,0,0,0,0,3,0,36,1,0,0,1,0,0,0,0,0,0
YO051,MP,0,0,0,1,1,0,0,0,0,0,0,0,0,3,0,38,1,0,0,0,1,0,0,0,0,0
YO263,MP,0,0,0,1,1,0,0,0,0,0,0,0,0,3,0,39,1,0,0,1,0,0,0,0,0,0
YO221,MP,0,0,0,1,1,0,0,0,0,0,0,0,0,3,0,37,1,0,0,1,0,0,0,0,0,0
YO306,MP,0,0,0,1,1,0,0,0,0,0,0,0,0,3,0,39,1,0,1,0,0,0,0,0,0,0
YO261,MP,0,0,0,1,1,0,0,0,0,0,0,0,0,3,0,36,1,0,0,0,0,0,0,0,0,0
YO267,MP,0,0,0,1,1,0,0,0,0,0,0,0,0,3,0,37,1,0,1,1,0,0,0,0,0,0
YO260,MP,0,0,0,1,1,0,0,0,0,0,0,0,0,3,0,38,1,0,0,1,0,0,0,0,0,0
YO062,MP,0,0,0,1,1,0,0,0,0,0,0,0,0,3,0,37,1,0,0,0,0,0,0,0,0,0
YO272,MP,0,0,0,1,1,0,0,0,0,0,0,0,0,3,0,37,1,0,0,1,0,0,0,0,0,0
YO341,MP,0,0,0,1,1,0,0,0,0,0,0,0,0,3,0,36,0,0,0,0,1,0,0,0,0,0
YO173,MP,0,0,0,1,1,0,0,0,0,0,0,0,0,3,0,40,1,0,0,1,1,0,0,0,0,0
YO245,MP,0,0,0,1,1,0,0,0,0,0,0,0,0,3,0,39,1,0,0,1,1,0,0,0,0,0
YO247,MP,0,0,0,1,1,0,0,0,0,0,0,0,0,3,0,38,0,0,0,1,0,0,0,0,0,0
YO279,MP,0,0,0,1,1,0,0,0,0,0,0,0,0,3,0,38,1,0,1,1,0,0,0,0,0,0
YO334,MP,0,0,0,1,1,0,0,0,0,0,0,0,0,3,0,38,1,0,1,1,0,0,0,0,0,0
YO273,MP,0,0,0,1,1,0,0,0,0,0,0,0,0,3,0,38,1,0,0,1,0,0,0,0,0,0
YO277,MP,0,0,0,1,1,0,0,0,0,0,0,0,0,3,0,41,0,0,0,1,0,0,0,0,0,0
YO344,MP,0,0,0,1,1,0,0,0,0,0,0,0,0,3,0,39,1,0,0,1,1,0,0,0,0,0
YO117,MP,0,0,0,1,1,0,0,0,0,0,0,0,0,3,0,40,1,0,0,1,1,0,0,0,0,0
YO330,MP,0,0,0,1,1,0,0,0,0,0,0,0,0,3,0,38,0,0,0,1,1,0,0,0,0,0
YO011,MP,0,0,0,1,1,0,0,0,2,0,0,0,0,2,0,36,0,0,0,1,1,0,0,0,0,0
YO212,MP,0,0,0,1,1,0,0,0,0,0,0,0,0,3,0,40,1,0,1,0,1,0,0,0,0,0
YO068,MP,0,0,0,1,1,0,0,0,0,0,0,0,0,3,0,36,1,0,0,1,0,0,0,0,0,0
YO333,MP,0,0,0,1,1,0,0,0,0,0,0,0,0,3,0,34,0,0,0,1,1,0,0,0,0,0
YO303,MP,0,0,0,1,1,0,0,0,0,0,0,0,0,3,0,37,1,0,1,1,0,0,0,0,0,0
YO371,MP,0,0,0,1,1,0,0,0,0,0,0,0,0,4,0,36,1,0,0,1,0,0,0,0,0,0
YO254,MP,0,0,0,1,1,0,0,0,0,0,0,0,0,3,0,38,1,0,0,1,1,0,0,0,0,0
YO054,MP,0,0,0,0,0,0,0,0,0,0,0,0,0,0,0,9,0,0,0,0,0,0,0,0,0,0
YO255,MP,0,0,0,1,1,0,0,0,0,0,0,0,0,3,0,39,1,0,0,1,1,0,0,0,0,0
YO256,MP,0,0,0,1,1,0,0,0,0,0,0,0,0,3,0,37,1,0,1,1,0,0,0,0,0,0
YO094,MP,0,0,0,0,1,0,0,0,0,0,0,0,0,3,0,39,0,0,0,1,1,0,0,0,0,0
YO170,MP,0,0,0,1,1,0,0,0,0,0,0,0,0,3,0,37,1,0,1,1,1,0,0,0,0,0
YO357,MP,0,0,0,1,1,0,0,0,0,0,0,0,0,3,0,39,1,0,0,1,1,0,0,0,0,0
YO363,MP,0,0,0,1,1,0,0,0,0,0,0,0,0,3,0,36,1,0,0,1,0,0,0,0,0,0
YO364,MP,0,0,0,1,1,0,0,0,0,0,0,0,0,3,0,39,1,0,1,1,1,0,0,0,0,0
YO366,MP,0,0,0,1,1,0,0,0,0,0,0,0,0,3,0,39,0,0,1,1,1,0,0,0,0,0
YO144,MP,0,0,0,0,0,0,0,0,0,0,0,0,0,2,0,8,0,0,1,0,0,0,0,0,0,0
YO092,MP,0,0,0,1,1,0,0,0,0,0,0,0,0,3,0,39,0,0,0,1,1,0,0,0,0,0
YO283,MP,0,0,0,1,1,0,0,0,0,0,0,0,0,3,0,37,1,0,0,1,0,0,0,0,0,0
YO240,MP,0,0,0,1,1,0,0,0,0,0,0,0,0,3,0,38,1,0,0,1,1,0,0,0,0,0
YO202,MP,0,0,0,1,1,0,0,0,0,0,0,0,0,3,0,38,1,0,1,1,1,0,0,0,0,0
YO222,MP,0,0,0,1,1,0,0,0,0,0,0,0,0,3,0,40,0,0,0,0,0,0,0,0,0,0
YO091,MP,0,0,0,1,1,0,0,0,0,0,0,0,0,3,0,39,1,0,1,1,1,0,0,0,0,0
YO174,MP,0,0,0,1,1,0,0,0,0,0,0,0,0,3,0,39,1,0,0,1,1,0,0,0,0,0
YO095,MP,0,0,0,1,1,0,0,0,0,0,0,0,0,3,0,38,1,0,1,1,1,0,0,0,0,0
YO175,MP,0,0,0,1,1,0,0,0,0,0,0,0,0,3,0,39,1,0,0,1,0,0,0,0,0,0
YO093,MP,0,0,0,1,1,0,0,0,0,0,0,0,0,3,0,35,1,0,1,1,0,0,0,0,0,0
YO176,MP,0,0,0,1,1,0,0,0,0,0,0,0,0,3,0,38,0,0,0,1,1,0,0,0,0,0
YO148,MP,0,0,0,1,1,0,0,0,0,0,0,0,0,3,0,36,0,0,0,1,1,0,0,0,0,0
YO008,MP,0,0,0,1,1,0,0,0,0,0,0,0,0,3,0,36,1,0,1,1,1,0,0,0,0,0
YO010,MP,0,0,0,1,1,0,0,0,0,0,0,0,0,3,0,42,1,0,0,1,1,0,0,0,0,0
YO147,MP,0,0,0,1,1,0,0,0,0,0,0,0,0,3,0,35,0,0,1,1,1,0,0,0,0,0
YO123,MP,0,0,0,1,1,0,0,0,0,0,0,0,0,3,0,36,1,0,1,1,1,0,0,0,0,0
YO112,MP,0,0,0,1,1,0,0,0,0,0,0,0,0,3,0,37,1,0,1,1,0,0,0,0,0,0
YO072,MP,0,0,0,1,1,0,0,0,0,0,0,0,0,3,0,41,1,0,0,1,1,0,0,0,0,0
YO162,MP,0,0,0,1,1,0,0,0,0,0,0,0,0,3,0,36,1,0,0,1,1,0,0,0,0,0
YO285,MP,0,0,0,1,1,0,0,0,0,0,0,0,0,3,0,39,1,0,1,1,0,0,0,0,0,0
YO286,MP,0,0,0,1,1,0,0,0,0,0,0,0,0,3,0,36,1,0,1,1,1,0,0,0,0,0
YO047,MP,0,0,0,1,1,0,0,0,0,0,0,0,0,3,0,40,1,0,1,0,1,0,0,0,0,0
YO281,MP,0,0,0,1,1,0,0,0,0,0,0,0,0,3,0,38,0,0,0,1,0,0,0,0,0,0
YO308,MP,0,0,0,1,1,0,0,0,0,0,0,0,0,3,0,38,1,0,0,1,1,0,0,0,0,0
YO266,MP,0,0,0,1,1,0,0,0,0,0,0,0,0,3,0,36,1,0,1,1,1,0,0,0,0,0
YO307,MP,0,0,0,1,1,0,0,0,0,0,0,0,0,3,0,42,1,0,0,0,0,0,0,0,0,0
YO227,MP,0,0,0,1,1,0,0,0,0,0,0,0,0,3,0,39,1,0,0,1,0,0,0,0,0,0
YO269,MP,0,0,0,1,1,0,0,0,0,0,0,0,0,3,0,37,1,0,1,1,1,0,0,0,0,0
YO264,MP,0,0,0,1,1,0,0,0,0,0,0,0,0,3,0,38,1,0,0,1,0,0,0,0,0,0
YO248,MP,0,0,0,1,1,0,0,0,0,0,0,0,0,3,0,39,1,0,0,1,1,0,0,0,0,0
YO224,MP,0,0,0,1,1,0,0,0,0,0,0,0,0,3,0,38,1,0,1,1,0,0,0,0,0,0
YO064,MP,0,0,0,1,1,0,0,0,0,0,0,0,0,3,0,37,1,0,0,0,1,0,0,0,0,0
YO268,MP,0,0,0,1,1,0,0,0,0,0,0,0,0,2,0,32,1,0,0,0,0,0,0,0,0,0
YO284,MP,0,0,0,1,1,0,0,0,0,0,0,0,0,3,0,41,1,0,0,0,0,0,0,0,0,0
YO351,MP,0,0,0,1,1,0,0,0,0,0,0,0,0,3,0,39,1,0,1,1,1,0,0,0,0,0
YO350,MP,0,0,0,1,1,0,0,0,0,0,0,0,0,3,0,34,1,0,0,0,0,0,0,0,0,0
YO265,MP,0,0,0,1,1,0,0,0,0,0,0,0,0,3,0,37,1,0,0,1,0,0,0,0,0,0
YO271,MP,0,0,0,1,1,0,0,0,0,0,0,0,0,2,0,37,1,0,0,1,1,0,0,0,0,0
YO012,MP,0,0,0,1,1,0,0,0,0,0,0,0,0,3,0,36,1,0,1,1,1,0,0,0,0,0
YO353,MP,0,0,0,1,1,0,0,0,0,0,0,0,0,3,0,33,0,0,1,1,1,0,0,0,0,0
YO180,MP,0,0,0,1,1,0,0,0,0,0,0,0,0,3,0,38,1,0,0,1,0,0,0,0,0,0
YO205,MP,0,0,0,1,1,0,0,0,0,0,0,0,0,3,0,38,1,0,1,1,1,0,0,0,0,0
YO238,MP,0,0,0,1,1,0,0,0,0,0,0,0,0,3,0,40,1,0,0,1,1,0,0,0,0,0
YO339,MP,0,0,0,1,1,0,0,0,0,0,0,0,0,3,0,35,0,0,1,1,1,0,0,0,0,0
YO208,MP,0,0,0,1,1,0,0,0,0,0,0,0,0,3,0,40,1,0,0,0,0,0,0,0,0,0
YO225,MP,0,0,0,1,1,0,0,0,0,0,0,0,0,3,0,39,1,0,0,1,0,0,0,0,0,0
YO045,MP,0,0,0,1,1,0,0,0,0,0,0,0,0,3,0,38,1,0,0,1,0,0,0,0,0,0
YO044,MP,0,0,0,1,1,0,0,0,0,0,0,0,0,3,0,31,0,0,1,1,1,0,0,0,0,0
YO362,MP,0,0,0,1,1,0,0,0,0,0,0,0,0,3,0,40,1,0,0,1,1,0,0,0,0,0
YO087,MP,0,0,0,1,1,0,0,0,0,0,0,0,0,3,0,37,0,0,0,1,1,0,0,0,0,0
YO114,MP,0,0,0,1,1,0,0,0,0,0,0,0,0,3,0,41,1,0,0,0,0,0,0,0,0,0
YO116,MP,0,0,0,1,1,0,0,0,0,0,0,0,0,3,0,38,1,0,0,1,0,0,0,0,0,0
YO115,MP,0,0,0,1,1,0,0,0,0,0,0,0,0,3,0,38,0,0,1,1,1,0,0,0,0,0
YO048,MP,0,0,0,0,1,0,0,0,0,0,0,0,0,3,0,33,0,0,1,1,1,0,0,0,0,0
YO126,MP,0,0,0,1,1,0,0,0,0,0,0,0,0,3,0,40,0,0,1,1,1,0,0,0,0,0
YO125,MP,0,0,0,1,1,0,0,0,0,0,0,0,0,3,0,41,1,0,1,1,1,0,0,0,0,0
YO219,MP,0,0,0,1,1,0,0,0,0,0,0,0,0,3,0,41,1,0,0,1,1,0,0,0,0,0
YO206,MP,0,0,0,1,1,0,0,0,0,0,0,0,0,3,0,43,1,0,0,0,0,0,0,0,0,0
YO196,MP,0,0,0,1,1,0,0,0,0,0,0,0,0,3,0,39,1,0,1,1,1,0,0,0,0,0
YO235,MP,0,0,0,1,1,0,0,0,0,0,0,0,0,3,0,39,0,0,0,1,0,0,0,0,0,0
YO233,MP,0,0,0,1,1,0,0,0,0,0,0,0,0,3,0,38,1,0,0,1,0,0,0,0,0,0
YO215,MP,0,0,0,1,1,0,0,0,0,0,0,0,0,3,0,37,1,0,0,1,0,0,0,0,0,0
YO073,MP,0,0,0,1,1,0,0,0,0,0,0,0,0,3,0,41,0,0,0,0,1,0,0,0,0,0
YO336,MP,0,0,0,1,1,0,0,0,0,0,0,0,0,4,0,31,1,0,2,1,1,0,0,0,0,0
YO214,MP,0,0,0,1,1,0,0,0,0,0,0,0,0,3,0,40,1,0,1,1,1,0,0,0,0,0
YO300,MP,0,0,0,1,1,0,0,0,0,0,0,0,0,3,0,39,1,0,1,1,1,0,0,0,0,0
YO243,MP,0,0,0,1,1,0,0,0,0,0,0,0,0,3,0,42,1,0,1,1,1,0,0,0,0,0
YO305,MP,0,0,0,1,1,0,0,0,0,0,0,0,0,3,0,39,0,0,0,1,0,0,0,0,0,0
YO345,MP,0,0,0,1,1,0,0,0,0,0,0,0,0,3,0,39,1,0,1,1,1,0,0,0,0,0
YO121,MP,0,0,0,1,1,0,0,0,0,0,0,0,0,3,0,35,1,0,1,1,1,0,0,0,0,0
YO337,MP,0,0,0,1,1,0,0,0,0,0,0,0,0,4,0,33,1,0,1,1,1,0,0,0,0,0
YO120,MP,0,0,0,1,1,0,0,0,0,0,0,0,0,3,0,38,0,0,0,1,1,0,0,0,0,0
YO322,MP,0,0,0,1,1,0,0,0,0,0,0,0,0,3,0,34,0,0,1,1,1,0,0,0,0,0
YO294,MP,0,0,0,1,1,0,0,0,0,0,0,0,0,3,0,37,1,0,0,1,1,0,0,0,0,0
YO315,MP,0,0,0,1,1,0,0,0,0,0,0,0,0,3,0,38,0,0,0,1,1,0,0,0,0,0
YO298,MP,0,0,0,1,1,0,0,0,0,0,0,0,0,3,0,39,1,0,0,1,1,0,0,0,0,0
YO252,MP,0,0,0,1,1,0,0,0,0,0,0,0,0,2,0,39,1,0,1,1,1,0,0,0,0,0
YO311,MP,0,0,0,1,1,0,0,0,0,0,0,0,0,3,0,37,1,0,0,1,1,0,0,0,0,0
YO060,MP,0,0,0,1,1,0,0,0,0,0,0,0,0,3,0,37,1,0,0,1,0,0,0,0,0,0
YO310,MP,0,0,0,1,1,0,0,0,0,0,0,0,0,3,0,35,1,0,1,1,0,0,0,0,0,0
YO327,MP,0,0,0,1,1,0,0,0,0,0,0,0,0,3,0,39,1,0,1,1,1,0,0,0,0,0
YO299,MP,0,0,0,1,1,0,0,0,0,0,0,0,0,3,0,37,1,0,0,1,0,0,0,0,0,0
YO282,MP,0,0,0,1,1,0,0,0,0,0,0,0,0,3,0,39,1,0,0,0,0,0,0,0,0,0
YO319,MP,0,0,0,1,1,0,0,0,0,0,0,0,0,3,0,37,1,0,0,1,1,0,0,0,0,0
YO290,MP,0,0,0,1,1,0,0,0,0,0,0,0,0,3,0,39,1,0,0,1,1,0,0,0,0,0
YO071,MP,0,0,0,1,1,0,0,0,0,0,0,0,0,2,0,41,1,0,0,1,1,0,0,0,0,0
YO313,MP,0,0,0,1,1,0,0,0,0,0,0,0,0,3,0,37,1,0,2,1,1,0,0,0,0,0
YO198,MP,0,0,0,1,1,0,0,0,0,0,0,0,0,3,0,40,1,0,1,1,0,0,0,0,0,0
YO291,MP,0,0,0,1,1,0,0,0,0,0,0,0,0,3,0,39,1,0,0,1,0,0,0,0,0,0
YO355,MP,0,0,0,1,1,0,0,0,0,0,0,0,0,3,0,35,1,0,2,1,1,0,0,0,0,0
YO063,MP,0,0,0,1,1,0,0,0,0,0,0,0,0,3,0,39,0,0,1,1,1,0,0,0,0,0
YO022,MP,0,0,0,1,0,0,0,0,0,0,0,0,0,2,0,24,1,0,0,1,1,0,0,0,0,0
YO031,MP,0,0,0,1,0,0,0,0,0,0,0,0,0,2,0,25,0,0,2,0,1,0,0,0,0,0
YO204,MP,0,0,0,1,1,0,0,0,0,0,0,0,0,3,0,37,0,0,1,1,1,0,0,0,0,0
YO380,MP,0,0,0,0,1,0,0,0,0,0,0,0,0,2,0,35,1,0,0,1,1,0,0,0,0,0
YO292,MP,0,0,0,1,1,0,0,0,0,0,0,0,0,3,0,38,1,0,1,1,1,0,0,0,0,0
YO296,MP,0,0,0,1,1,0,0,0,0,0,0,0,0,3,0,37,1,0,0,1,0,0,0,0,0,0
YO325,MP,0,0,0,1,1,0,0,0,0,0,0,0,0,3,0,36,1,0,1,1,1,0,0,0,0,0
YO295,MP,0,0,0,1,1,0,0,0,0,0,0,0,0,3,0,37,1,0,0,1,1,0,0,0,0,0
YO314,MP,0,0,0,1,1,0,0,0,0,0,0,0,0,3,0,31,0,0,0,1,1,0,0,0,0,0
YO231,MP,0,0,0,1,1,0,0,0,0,0,0,0,0,3,0,40,1,0,0,1,0,0,0,0,0,0
YO127,MP,0,0,0,1,1,0,0,0,0,0,0,0,0,3,0,39,1,0,0,1,1,0,0,0,0,0
YO348,MP,0,0,0,1,1,0,0,0,0,0,0,0,0,3,0,38,0,0,1,1,1,0,0,0,0,0
YO249,MP,0,0,0,1,1,0,0,0,0,0,0,0,0,3,0,40,1,0,1,1,1,0,0,0,0,0
YO338,MP,0,0,0,1,1,0,0,0,0,0,0,0,0,3,0,35,1,0,1,1,1,0,0,0,0,0
YO288,MP,0,0,0,1,1,0,0,0,0,0,0,0,0,4,0,38,1,0,0,1,1,0,0,0,0,0
YO280,MP,0,0,0,1,1,0,0,0,0,0,0,0,0,3,0,38,1,0,0,1,0,0,0,0,0,0
YO276,MP,0,0,0,1,1,0,0,0,0,0,0,0,0,3,0,38,1,0,0,1,0,0,0,0,0,0
YO275,MP,0,0,0,1,1,0,0,0,0,0,0,0,0,3,0,38,0,0,0,1,0,0,0,0,0,0
YO326,MP,0,0,0,1,1,0,0,0,0,0,0,0,0,3,0,36,1,0,1,1,0,0,0,0,0,0
YO274,MP,0,0,0,1,1,0,0,0,0,0,0,0,0,3,0,38,1,0,0,1,0,0,0,0,0,0
YO278,MP,0,0,0,1,1,0,0,0,0,0,0,0,0,3,0,39,1,0,0,1,0,0,0,0,0,0
YO289,MP,0,0,0,1,1,0,0,0,0,0,0,0,0,3,0,36,1,0,1,1,1,0,0,0,0,0
YO297,MP,0,0,0,1,1,0,0,0,0,0,0,0,0,3,0,37,0,0,0,1,1,0,0,0,0,0
YO320,MP,0,0,0,1,1,0,0,0,0,0,0,0,0,3,0,35,1,0,0,0,1,0,0,0,0,0
YO244,MP,0,0,0,1,1,0,0,0,0,0,0,0,0,3,0,40,1,0,1,1,0,0,0,0,0,0
YO257,MP,0,0,0,1,1,0,0,0,0,0,0,0,0,3,0,41,1,0,1,1,1,0,0,0,0,0
YO201,MP,0,0,0,1,1,0,0,0,0,0,0,0,0,3,0,41,1,0,1,1,0,0,0,0,0,0
YO234,MP,0,0,0,1,1,0,0,0,0,0,0,0,0,3,0,38,1,0,0,0,1,0,0,0,0,0
YO209,MP,0,0,0,1,1,0,0,0,0,0,0,0,0,3,0,40,1,0,0,1,1,0,0,0,0,0
YO216,MP,0,0,0,1,1,0,0,0,0,0,0,0,0,3,0,39,1,0,1,1,0,0,0,0,0,0
YO309,MP,0,0,0,1,1,0,0,0,0,0,0,0,0,3,0,38,0,0,1,1,0,0,0,0,0,0
YO368,MP,0,0,0,1,1,0,0,0,0,0,0,0,0,3,0,38,1,0,0,1,1,0,0,0,0,0
YO242,MP,0,0,0,1,1,0,0,0,0,0,0,0,0,3,0,41,1,0,0,1,0,0,0,0,0,0
YO211,MP,0,0,0,1,1,0,0,0,0,0,0,0,0,3,0,39,1,0,0,0,1,0,0,0,0,0
YO207,MP,0,0,0,1,1,0,0,0,0,0,0,0,0,3,0,41,1,0,0,1,1,0,0,0,0,0
YO200,MP,0,0,0,1,1,0,0,0,0,0,0,0,0,3,0,39,1,0,1,1,1,0,0,0,0,0
YO197,MP,0,0,0,1,1,0,0,0,0,0,0,0,0,3,0,39,1,0,0,1,0,0,0,0,0,0
YO239,MP,0,0,0,1,1,0,0,0,0,0,0,0,0,3,0,41,1,0,0,1,1,0,0,0,0,0
YO065,MP,0,0,0,1,1,0,0,0,0,0,0,0,0,3,0,39,1,0,0,1,1,0,0,0,0,0
YO046,MP,0,0,0,1,1,0,0,0,0,0,0,0,0,3,0,35,0,0,0,1,0,0,0,0,0,0
YO213,MP,0,0,0,1,1,0,0,0,0,0,0,0,0,3,0,40,1,0,0,1,0,0,0,0,0,0
YO052,MP,0,0,0,1,1,0,0,0,0,0,0,0,0,3,0,38,1,0,1,1,1,0,0,0,0,0
YO253,MP,0,0,0,1,1,0,0,0,0,0,0,0,0,3,0,38,1,0,0,0,1,0,0,0,0,0
YO220,MP,0,0,0,1,1,0,0,0,0,0,0,0,0,3,0,39,1,0,1,1,0,0,0,0,0,0
YO050,MP,0,0,0,1,1,0,0,0,0,0,0,0,0,3,0,38,1,0,2,0,0,0,0,0,0,0
YO331,MP,0,0,0,1,1,0,0,0,0,0,0,0,0,3,0,34,0,0,0,1,0,0,0,0,0,0
YO096,MP,0,0,0,1,1,0,0,0,1,0,0,0,0,2,0,39,0,0,0,1,0,0,0,0,0,0
YO346,MP,0,0,0,1,1,0,0,0,0,0,0,0,0,3,0,40,1,0,2,1,1,0,0,0,0,0
YO171,MP,0,0,0,1,1,0,0,0,0,0,0,0,0,3,0,37,1,0,0,1,0,0,0,0,0,0
YO177,MP,0,0,0,1,1,0,0,0,0,0,0,0,0,3,0,37,0,0,1,1,0,0,0,0,0,0
YO367,MP,0,0,0,1,1,0,0,0,0,0,0,0,0,3,0,42,1,0,0,1,1,0,0,0,0,0
YO262,MP,0,0,0,1,1,0,0,0,0,0,0,0,0,3,0,37,1,0,1,0,0,0,0,0,0,0
YO349,MP,0,0,0,1,1,0,0,0,0,0,0,0,0,3,0,39,1,0,1,1,1,0,0,0,0,0
YO217,MP,0,0,0,0,1,0,0,0,0,0,0,0,0,2,0,37,1,0,0,1,1,0,0,0,0,0
YO318,MP,0,0,0,1,1,0,0,0,0,0,0,0,0,3,0,33,1,0,1,1,1,0,0,0,0,0
YO340,MP,0,0,0,1,1,0,0,0,0,0,0,0,0,2,0,33,1,0,0,1,1,0,0,0,0,0
YO332,MP,0,0,0,1,1,0,0,0,0,0,0,0,0,3,0,34,0,0,0,1,1,0,0,0,0,0
YO328,MP,0,0,0,1,1,0,0,0,0,0,0,0,0,3,0,35,1,0,1,1,1,0,0,0,0,0
YO329,MP,0,0,0,1,1,0,0,0,0,0,0,0,0,3,0,33,0,0,1,0,1,0,0,0,0,0
YO085,MP,0,0,0,0,1,0,0,0,0,0,0,0,0,0,0,12,0,0,0,0,0,0,0,0,0,0
YO053,MP,0,0,0,1,1,0,0,0,0,0,0,0,0,3,0,36,1,0,0,1,1,0,0,0,0,0
YO090,MP,0,0,0,1,1,0,0,0,0,0,0,0,0,3,0,37,0,0,1,1,1,0,0,0,0,0
YO359,MP,0,0,0,1,1,0,0,0,0,0,0,0,0,3,0,37,1,0,1,1,1,0,0,0,0,0
YO158,MP,0,0,0,0,0,0,0,0,1,0,0,0,0,1,0,0,1,0,1,1,1,0,0,0,0,0
YO026,MP,0,0,0,0,0,0,0,0,0,0,0,0,0,2,0,0,0,0,2,0,0,0,0,0,2,0
YO153,MP,0,0,0,0,0,0,0,0,0,0,0,0,0,1,0,0,0,0,0,0,1,0,0,0,0,0
YO152,MP,0,0,0,0,0,0,0,0,0,0,0,0,0,0,0,0,0,0,1,0,1,0,0,0,0,0
YO159,MP,0,0,0,0,1,0,0,0,0,0,0,0,0,1,0,0,0,0,0,0,1,0,0,0,0,0
YO160,MP,0,0,0,0,1,0,0,0,0,0,0,0,0,1,0,0,0,0,0,1,1,0,0,0,0,0
YO036,MP,0,0,0,0,1,0,0,0,0,0,0,0,0,1,0,0,0,0,0,1,1,0,0,0,0,0
YO035,MP,0,0,0,0,1,0,0,0,0,0,0,0,0,1,0,0,0,0,0,1,0,0,0,0,0,0
YO089,MP,0,0,0,0,1,0,0,0,0,0,0,0,0,1,0,0,0,0,0,1,1,0,0,0,0,0
YO032,MP,0,0,0,0,0,0,0,0,0,0,0,0,0,0,0,0,1,0,1,0,1,0,0,0,0,0
YO157,MP,0,0,0,0,0,0,0,0,1,0,0,0,0,0,0,0,1,0,0,0,1,0,0,0,0,0
YO190,MP,0,0,1,0,0,0,0,0,0,0,0,0,1,0,0,0,0,0,0,0,0,2,0,0,0,0
YO192,MP,0,0,1,0,0,0,0,0,0,0,0,0,1,0,0,0,0,0,0,0,0,1,0,3,0,0
YO168,MP,0,0,1,0,0,0,0,0,0,0,0,0,1,0,0,0,0,0,0,0,0,1,0,0,0,0
YO188,MP,0,0,1,0,0,0,0,0,0,0,0,0,1,0,0,0,0,0,0,1,0,1,0,0,0,0
YO169,MP,1,0,1,0,0,0,0,0,0,0,0,0,0,0,0,0,0,0,0,0,0,1,0,0,0,0
YO374,MP,2,0,1,0,0,0,0,0,0,0,0,0,1,0,0,0,0,0,0,0,0,0,0,0,0,0
YO373,MP,2,0,1,0,0,0,0,0,0,0,0,0,1,0,0,0,0,0,0,0,0,0,0,2,0,0
YO372,MP,0,1,1,0,0,0,0,0,0,0,0,0,1,0,0,0,0,0,0,1,0,0,0,0,0,0
YO039,MP,0,0,0,0,0,0,0,0,0,0,0,0,0,0,0,1,0,0,0,0,0,0,0,0,0,0
YO142,MP,0,0,0,0,0,0,0,0,0,0,0,0,0,0,0,1,0,0,0,0,0,0,0,0,0,0
YO043,MP,0,0,0,0,0,0,0,0,0,0,0,0,0,0,0,1,0,0,0,0,0,0,0,0,0,0
YO111,MP,0,0,0,0,0,0,0,0,0,0,0,0,0,0,0,1,0,0,0,0,0,0,0,0,0,0
YO041,MP,0,0,0,0,0,0,0,0,0,0,0,0,0,0,0,0,0,0,0,0,0,0,0,0,0,0
YO077,MP,0,0,0,0,3,0,0,0,0,0,0,0,0,0,0,0,0,0,0,0,0,0,0,0,0,0
YO134,MP,0,0,0,0,0,0,0,0,0,0,0,0,0,0,0,0,0,0,0,0,0,0,0,0,0,0
YO033,MP,0,0,0,0,0,0,0,0,0,0,0,0,0,0,0,0,0,0,0,0,0,0,0,0,0,0
YO088,MP,0,0,0,0,2,0,0,0,0,0,0,0,0,0,0,1,0,4,3,0,0,0,0,0,0,0
YO098,MP,0,0,0,0,2,0,0,0,0,0,0,0,0,0,0,1,0,4,3,0,0,0,0,0,0,0
YO189,MP,0,0,0,0,2,0,0,0,0,0,0,0,0,0,0,1,0,2,2,0,0,0,0,0,0,0
YO381,MP,0,0,0,0,1,0,0,0,1,0,0,0,0,0,0,1,0,5,3,0,0,0,0,0,0,0
YO015,MP,0,0,0,0,0,0,0,0,0,0,0,0,0,0,0,1,0,3,0,0,0,0,0,0,1,0
YO016,MP,0,0,0,0,0,0,0,0,0,0,0,0,0,0,0,1,0,4,0,0,0,0,0,0,0,0
YO014,MP,0,0,0,0,0,0,0,0,0,0,0,0,0,0,0,0,0,0,0,0,0,0,0,0,0,0
YO021,MP,0,0,1,0,1,0,0,1,2,0,4,2,3,0,4,0,1,0,4,2,1,3,0,0,5,1
YO018,MP,0,0,1,0,1,0,0,1,2,0,5,2,3,0,3,2,1,0,8,0,0,4,0,0,5,1
YO191,MP,0,0,1,0,1,0,0,1,3,0,3,0,3,0,3,0,0,0,6,1,2,4,0,0,5,1
YO080,MP,0,0,1,0,1,0,0,1,2,0,3,1,3,0,3,0,1,0,6,2,1,4,0,0,2,2
YO156,MP,0,0,1,0,1,0,0,1,2,0,5,1,3,0,3,0,1,0,6,3,0,4,0,0,5,1
YO020,MP,0,0,1,0,1,0,0,1,2,0,5,3,3,0,2,0,2,0,7,1,2,4,0,0,5,1
YO081,MP,0,0,1,0,1,0,0,1,2,0,4,1,3,0,4,1,1,0,7,1,1,3,0,0,5,1
YO149,MP,0,0,1,0,1,0,0,1,2,0,4,1,3,0,5,0,0,0,1,2,0,0,0,0,2,1
YO007,MP,0,0,1,0,1,0,0,1,2,0,4,2,3,0,2,0,0,0,1,2,0,0,0,0,2,1
YO005,MP,0,0,1,0,1,0,0,1,2,0,4,2,3,0,3,0,1,0,0,2,0,0,0,0,2,1
YO075,MP,0,0,1,0,1,0,0,1,2,0,4,1,3,0,3,0,1,0,1,5,0,0,0,0,2,1
YO151,MP,0,0,1,0,1,0,0,1,2,0,4,1,3,0,5,0,1,0,1,3,0,0,0,0,2,1
YO042,MP,1,0,1,0,2,0,0,1,1,0,1,0,3,0,0,0,0,0,1,1,0,0,0,1,0,0
YO037,MP,1,0,0,0,2,0,0,1,3,0,1,0,3,0,0,1,0,0,1,1,0,0,0,1,0,0
YO155,MP,1,0,1,0,2,0,0,1,3,0,1,0,3,0,0,1,0,0,1,0,0,0,0,1,0,0
YO038,MP,1,0,1,0,2,0,0,1,3,0,1,0,3,0,0,0,0,0,1,1,0,0,0,1,0,0
YO034,MP,1,0,1,0,2,0,0,1,4,0,1,0,3,0,0,0,0,0,0,1,0,0,0,0,0,0
YO130,MP,0,0,0,0,0,0,0,0,0,0,0,1,0,0,0,0,0,0,0,0,0,0,0,0,0,1
YO150,MP,0,0,0,0,0,0,0,1,1,0,1,0,2,0,0,1,0,0,2,1,0,0,0,0,0,2
YO187,MP,0,0,0,0,0,0,0,3,1,0,0,1,2,0,0,0,0,0,0,3,0,0,0,0,1,1
YO027,MP,0,0,0,0,4,0,0,1,2,1,1,0,2,0,0,3,3,0,6,3,1,0,0,0,0,0
YO074,MP,0,0,0,0,3,0,0,1,2,1,1,0,2,0,0,2,4,0,4,3,0,0,0,0,0,0
YO154,MP,0,0,0,0,2,0,0,0,0,0,0,0,0,2,0,0,1,0,1,0,0,0,0,0,0,0
YO101,MP,0,0,0,0,2,1,0,0,0,1,0,0,2,0,0,4,10,0,2,5,4,0,0,0,6,0
YO028,MP,0,0,0,0,0,0,0,1,2,1,1,0,2,0,0,2,0,10,2,3,0,0,0,0,0,0
YO133,MP,2,0,0,0,0,0,0,1,0,0,1,0,0,0,0,0,0,0,1,0,0,0,0,0,1,3
YO009,MP,2,0,0,0,0,0,0,0,1,0,1,0,2,0,0,0,0,0,0,3,0,0,0,0,1,4
YO124,MP,0,0,0,0,0,1,0,0,0,0,0,0,0,0,0,0,0,1,0,1,0,0,0,0,1,0
YO141,MP,0,0,0,0,0,2,0,1,0,0,0,0,2,0,2,1,0,9,0,2,1,0,0,0,2,0
YO139,MP,0,0,0,0,0,2,0,0,0,0,0,0,2,0,1,2,0,8,0,1,1,0,0,0,2,0
YO136,MP,0,0,0,0,0,2,0,1,0,0,0,0,2,0,1,0,0,9,0,3,2,0,0,0,2,0
YO138,MP,0,0,0,0,0,2,0,1,0,0,0,0,2,0,2,1,0,9,0,3,4,0,0,0,2,0
YO140,MP,0,0,0,0,0,2,0,0,0,0,0,0,2,0,1,2,0,9,0,2,2,0,0,0,2,0
YO137,MP,0,0,0,0,0,2,0,1,0,0,0,0,2,0,1,2,0,10,0,2,1,0,0,0,2,0
YO163,MP,3,0,0,0,0,1,0,1,0,0,0,0,2,0,1,0,2,4,0,1,2,0,0,0,2,0
YO079,MP,3,0,0,0,0,1,0,3,0,0,0,0,2,0,1,2,2,4,0,1,1,0,0,0,2,0
YO164,MP,3,0,0,0,0,1,0,1,0,0,0,0,2,0,1,0,2,4,0,0,1,0,0,0,2,0
YO122,MP,2,0,0,0,0,2,0,1,1,0,0,0,2,0,0,0,2,0,0,1,1,0,0,0,1,0
YO194,MP,2,0,0,0,0,2,0,1,1,0,0,0,2,0,0,0,2,0,0,1,2,0,0,0,1,0
YO178,MP,2,0,0,0,0,2,0,1,1,0,0,0,2,0,0,0,3,0,0,1,3,0,0,0,1,0
YO135,MP,2,0,0,0,0,2,0,1,1,0,0,0,2,0,0,0,2,0,0,1,1,0,0,0,1,0
YO193,MP,2,0,0,0,0,2,0,1,1,0,0,0,2,0,0,0,2,0,0,1,2,0,0,0,1,0
YO182,MP,0,0,3,0,0,0,0,4,0,0,0,0,2,0,2,4,1,0,8,1,1,2,0,0,1,1
YO040,MP,4,0,0,0,0,0,0,0,2,1,1,0,2,0,0,2,7,0,4,0,6,0,0,0,0,0
YO378,MP,4,0,0,0,0,0,0,0,0,1,1,0,2,0,0,2,5,0,4,0,6,0,0,1,0,0
YO131,MP,4,0,0,0,0,0,0,0,0,1,1,0,2,0,0,3,5,0,4,0,5,0,0,1,0,0
YO161,MP,4,0,0,0,0,0,0,0,0,1,1,0,2,0,0,1,7,0,3,0,7,0,0,1,0,0
YO023,MP,3,0,0,0,0,0,0,0,0,0,1,0,2,0,0,2,6,0,2,1,5,0,0,2,0,0
YO379,MP,3,0,0,0,0,0,0,0,0,1,1,0,2,0,0,2,5,0,1,2,3,0,0,1,0,0
YO029,MP,0,0,0,0,0,0,0,0,0,1,0,0,2,0,0,2,8,0,3,3,8,0,0,0,0,0
YO084,MP,0,0,0,0,0,0,0,0,0,0,0,0,0,0,0,0,1,0,0,0,0,0,0,0,0,0
YO006,MP,0,0,0,0,0,0,0,0,0,1,0,0,2,0,0,0,8,0,5,0,6,0,0,0,0,0
YO083,MP,0,0,0,0,0,0,0,0,1,1,1,0,3,0,0,2,5,0,4,1,6,0,0,0,0,0
YO376,MP,0,0,0,0,0,0,0,0,1,1,1,0,3,0,0,1,6,0,1,0,6,0,0,0,0,0
YO375,MP,0,0,0,0,0,0,0,0,1,1,1,0,2,0,0,2,7,0,0,0,9,0,0,0,0,0
YO024,MP,0,0,0,0,0,0,0,1,1,1,1,0,2,0,0,3,0,0,3,4,0,0,0,0,0,0
YO030,MP,0,0,0,0,0,0,0,1,1,1,1,0,2,0,0,3,0,0,2,4,0,0,0,0,0,0
YO003,MP,1,0,0,0,0,0,0,0,0,0,0,0,0,0,0,0,0,0,1,0,0,0,0,0,0,0
YO025,MP,3,0,0,0,0,0,0,1,1,0,0,3,2,0,0,0,1,0,0,3,1,0,0,0,0,0
YO383,MP,0,1,0,0,0,0,0,0,0,0,0,0,0,0,0,0,0,0,0,0,1,0,0,0,1,0
YO382,MP,0,1,0,0,0,0,0,0,0,0,0,0,0,0,0,0,1,0,0,0,0,0,0,0,0,0
YO384,MP,0,1,0,0,0,0,0,0,0,0,0,0,0,1,1,0,0,0,0,0,0,0,0,0,0,0
YO076,MP,0,0,0,0,0,0,0,0,0,0,0,0,0,0,0,0,0,0,0,1,1,0,0,0,0,0
YO001,MP,0,0,0,0,0,0,0,0,0,0,0,0,0,0,0,0,0,0,0,2,0,0,0,0,0,0
YO128,MP,0,0,0,0,0,0,0,0,0,0,0,0,0,0,0,0,0,0,0,0,0,0,0,0,0,0
YO145,MP,0,0,0,0,0,0,0,0,0,0,0,0,0,0,0,0,0,0,0,0,0,0,0,0,0,0
YO082,MP,0,0,0,0,0,0,0,0,0,0,0,0,0,0,0,0,0,0,0,0,0,0,0,3,0,0
YO104,MP,0,0,0,0,0,0,0,0,0,0,0,0,2,0,0,0,0,0,0,1,0,2,0,0,0,0
YO106,MP,0,0,0,0,0,0,0,0,0,0,0,0,0,0,0,0,0,0,0,1,0,3,0,0,0,0
YO102,MP,0,0,0,0,0,0,0,0,0,0,0,0,0,0,0,0,0,0,0,1,0,3,0,0,0,0
YO099,MP,1,0,1,0,0,0,0,0,0,0,0,0,0,0,0,0,0,0,0,0,0,0,0,0,0,0
YO119,MP,0,0,0,0,0,0,0,0,0,0,0,0,0,0,0,0,0,3,0,0,0,0,0,7,0,0
